reactionid	equation	flux
R2	R2: glc__D_c --> 0.67 BDGLC_c + 0.33 Glc_aD_c	6.855547
R3	R3: Glc_aD_c --> BDGLC_c	2.26233
R6	R6_num1: BDGLC_c + atp_c --> adp_c + g6p_B_c + h_c	6.855547
R7	R7: g6p_B_c --> f6p_c	6.855547
R9	R9: h_c + pyr_c --> acald_c + co2_c	21.685582
R21	R21_num1: h_c + nadh_c + nh4_c + pyr_c --> ala__L_c + h2o_c + nad_c	0.340532
R22	R22_num1: BCCP_c + atp_c + co2_c + h2o_c --> adp_c + carP_c + 2.0 h_c + pi_c	0.316988
R24	R24: h2o_c + pap_c --> amp_c + pi_c	0.005098
R25	R25: 0.2619 atp_c + 0.0187 damp_c + 0.01982 dcmp_c + 0.01982 dgmp_c + 0.0187 dtmp_c + 0.1849 h2o_c --> DNA_c + 0.2619 adp_c + 0.2619 pi_c	0.351588
R40	R40: 2pg_c --> h2o_c + pep_c	25.036185
R42	R42_num1: 3pg_c --> 2pg_c	25.036185
R46	R46: coa_m + nad_m + pyr_m --> accoa_m + co2_m + h_m + nadh_m	1.762475
R50	R50: g3p_c + nad_c + pi_c --> 13dpg_c + h_c + nadh_c	25.26847
R51	R51: 13dpg_c + adp_c --> 3pg_c + atp_c	25.26847
R53	R53_num1: R5P_c + atp_c --> amp_c + h_c + prpp_c	0.095433
R54	R54: ru5p__D_c --> xu5p__D_c	0.187326
R55	R55: g6p_c + nadp_c --> 6pgl_c + h_c + nadph_c	0.422374
R60	R60: 6pgl_c + h2o_c --> 6pgc_c + h_c	0.422374
R61	R61: R5P_c + xu5p__D_c --> g3p_c + s7p_c	0.139615
R62	R62_num1: g3p_c + s7p_c --> e4p_c + f6p_c	0.139615
R74	R74: g1p_c + h_c + utp_c --> ppi_c + udpg_c	0.402761
R104	R104: mal__L_m + nad_m --> h_m + nadh_m + oaa_m	1.387132
R107	R107: atp_c + co2_c + h2o_c + pyr_c --> adp_c + 2.0 h_c + oaa_c + pi_c	0.657908
R108	R108: atp_m + co2_m + h2o_m + pyr_m --> adp_m + 2.0 h_m + oaa_m + pi_m	0.121321
R109	R109: fum_m + h2o_m --> mal__L_m	0.348752
R111	R111: q_m + succ_m --> fum_m + qh2_m	0.217903
R115	R115: atp_c + cit_c + coa_c --> accoa_c + adp_c + oaa_c + pi_c	0.712369
R117	R117_num1: icit_m + nad_m --> akg_m + co2_m + nadh_m	0.303082
R128	R128: ala__L_c + glx_c --> gly_c + pyr_c	0.194376
R134	R134_num1: f6p_c + gln__L_c --> gam6p_c + glu__L_c	0.132972
R144	R144: asp__L_c + atp_c + nh4_c --> amp_c + asn__L_c + h_c + ppi_c	0.07538
R145	R145: akg_c + gln__L_c + h_c + nadh_c --> 2.0 glu__L_c + nad_c	1.756136
R151	R151: acgam1p_c + h_c + utp_c --> ppi_c + uacgam_c	0.132972
R159	R159: acgam6p_c --> acgam1p_c	0.132972
R165	R165_num1: TRNA_c + ala__L_c + atp_c --> TRNAALA_c + amp_c + ppi_c	0.146155
R169	R169_num1: TRNA_c + asn__L_c + atp_c --> TRNAASN_c + amp_c + ppi_c	0.07538
R171	R171: TRNA_c + arg__L_c + atp_c --> TRNAARG_c + amp_c + ppi_c	0.09521
R173	R173: TRNA_c + atp_c + cys__L_c --> TRNACYS_c + amp_c + ppi_c	0.001863
R177	R177_num1: TRNA_c + atp_c + ser__L_c --> TRNASER_c + amp_c + ppi_c	0.09528
R178	R178: TRNA_c + atp_c + gly_c --> TRNAGLY_c + amp_c + ppi_c	0.112051
R181	R181: TRNA_c + atp_c + his__L_c --> TRNAHIS_c + amp_c + ppi_c	0.025877
R182	R182_num1: TRNA_c + atp_c + ile__L_c --> TRNAILE_c + amp_c + ppi_c	0.070704
R189	R189_num1: TRNA_c + atp_c + tyr__L_c --> TRNATYR_c + amp_c + ppi_c	0.008262
R192	R192: TRNA_c + atp_c + phe__L_c --> TRNAPHE_c + amp_c + ppi_c	0.060895
R210	R210: akg_c + orn__L_c --> glu5sa_c + glu__L_c	0.081674
R214	R214: glu5sa_c --> 1pyr5c_c + h2o_c + h_c	0.081674
R215	R215_num1: 1pyr5c_c + 2.0 h_c + nadph_c --> nadp_c + pro__L_c	0.081674
R235	R235: cbp_m + orn_m --> citr__L_m + h_m + pi_m	0.09521
R238	R238_num1: acg5p_m + h_m + nadph_m --> acg5sa_m + nadp_m + pi_m	0.176884
R244	R244: argsuc_c --> arg__L_c + fum_c	0.09521
R255	R255_num1: 2.0 atp_m + hco3_m + nh4_m --> 2.0 adp_m + cbp_m + 2.0 h_m + pi_m	0.118737
R302	R302: C180ACP_c + h_c + nadph_c + o2_c --> C181ACP_c + 2.0 h2o_c + nadp_c	0.025615
R303	R303: C181ACP_c + h_c + nadph_c + o2_c --> C182ACP_c + 2.0 h2o_c + nadp_c	0.013115
R351	R351: e4p_c + xu5p__D_c --> f6p_c + g3p_c	0.04771
R395	R395_num1: accoa_c + hom__L_c --> achms_c + coa_c	0.003235
R398	R398: achms_c + h2s_c --> ac_c + h_c + hcys__L_c	0.003235
R401	R401: ahcys_c + h2o_c --> adn_c + hcys__L_c	0.022084
R402	R402: h2s_c + pser__L_c --> cys__L_c + pi_c	0.232286
R431	R431: 5mthf_c + hcys__L_c --> met__L_c + thf_c	0.025318
R441	R441: h_c + pphn_c --> co2_c + h2o_c + phpyr_c	0.060895
R504	R504_num1: C18HACP_c --> C18DACP_c + h2o_c	0.028554
R505	R505_num1: C18DACP_c + h_c + nadph_c --> C180ACP_c + nadp_c	0.028554
R512	R512_num1: ACP_c + ppcoa_c --> PROPACP_c + coa_c	0.00017
R517	R517: PROPACP_c + 2.0 h_c + malACP_c + 2.0 nadph_c --> ACP_c + C50ACP_c + co2_c + h2o_c + 2.0 nadp_c	0.00017
R522	R522: C50ACP_c + 3.0 h_c + malACP_c + 2.0 nadph_c --> ACP_c + C70ACP_c + co2_c + h2o_c + 2.0 nadp_c	0.00017
R527	R527: C70ACP_c + 3.0 h_c + malACP_c + 2.0 nadph_c --> ACP_c + C90ACP_c + co2_c + h2o_c + 2.0 nadp_c	0.00017
R532	R532: C90ACP_c + 3.0 h_c + malACP_c + 2.0 nadph_c --> ACP_c + C110ACP_c + co2_c + h2o_c + 2.0 nadp_c	0.00017
R537	R537: C110ACP_c + 3.0 h_c + malACP_c + 2.0 nadph_c --> ACP_c + C130ACP_c + co2_c + h2o_c + 2.0 nadp_c	0.00017
R542	R542: C130ACP_c + 3.0 h_c + malACP_c + 2.0 nadph_c --> ACP_c + C150ACP_c + co2_c + h2o_c + 2.0 nadp_c	0.00017
R547	R547: C150ACP_c + 3.0 h_c + malACP_c + 2.0 nadph_c --> ACP_c + C170ACP_c + co2_c + h2o_c + 2.0 nadp_c	0.00017
R583	R583_num1: C171ACP_c + coa_c --> ACP_c + C171COA_c	0.00017
R584	R584_num1: C180ACP_c + coa_c --> ACP_c + stcoa_c	0.000345
R585	R585_num1: C181ACP_c + coa_c --> ACP_c + ocdce9coa_c	9.3e-05
R614	R614: PE_c + amet_c --> C01241_c + ahcys_c + h_c	0.003262
R615	R615: C01241_c + amet_c --> C04308_c + ahcys_c + h_c	0.003262
R616	R616: C04308_c + amet_c --> ahcys_c + h_c + pcholho_c	0.003262
R617	R617: MIPC_c + gdpmann_c --> DMIPC_c + gdp_c + h_c	3.5e-05
R619	R619_num1: accoa_c + carP_c --> BCCP_c + malcoa_c	0.316988
R731	R731: f6p_c + h_c + nadh_c --> mnl1p_c + nad_c	0.295875
R784	R784: udpgal_c --> udpgalfur_c	0.004131
R802	R802: icit_m + nadp_m --> akg_m + co2_m + nadph_m	0.298625
R835	R835: dhap_c + h_c + nadh_c --> glyc3p_c + nad_c	0.020971
R846	R846_num1: CLCDPDG_c + glyc3p_c --> cmp_c + h_c + pgp_EC_c	0.001421
R847	R847: h2o_c + pgp_EC_c --> pglycho_c + pi_c	0.001421
R848	R848: CLCDPDG_c + pglycho_c --> clpnho_c + cmp_c	0.001421
R851	R851_num1: PE_c --> LPE_c + 0.3211 hdca_c + 0.3122 lnlc_c + 0.0606 ocdca_c + 0.3061 ocdcea_c	0.000875
R866	R866: accoa_c + gam6p_c --> acgam6p_c + coa_c + h_c	0.132972
R880	R880: acald_c + gly_c --> thr__L_c	0.163377
R903	R903: 4pasp_c + h_c + nadph_c --> aspsa_c + nadp_c + pi_c	0.003235
R904	R904: aspsa_c + h_c + nadh_c --> hom__L_c + nad_c	0.003235
R905	R905_num1: 3pg_c + nad_c --> 3php_c + h_c + nadh_c	0.232286
R906	R906: 3php_c + glu__L_c --> akg_c + pser__L_c	0.232286
R915	R915: asp__L_c + atp_c --> 4pasp_c + adp_c	0.003235
R922	R922: CERB2_c + pailho_c --> IPC_c + h2o_c	3.5e-05
R923	R923_num1: icit_x --> glx_x + succ_x	0.194376
R936	R936: for_c + h_c + o2_c --> co2_c + h2o2_c	0.012299
R939	R939: atp_c + prpp_c --> ppi_c + prbatp_c	0.025877
R940	R940_num1: h2o_c + prbatp_c --> h_c + ppi_c + prbamp_c	0.025877
R941	R941_num1: h2o_c + prbamp_c --> prfp_c	0.025877
R942	R942: prfp_c --> prlp_c	0.025877
R943	R943: gln__L_c + prlp_c --> aicar_c + eig3p_c + glu__L_c + h_c	0.025877
R944	R944: eig3p_c --> h2o_c + imacp_c	0.025877
R946	R946: h2o_c + hisp_c --> histd_c + pi_c	0.025877
R947	R947_num1: h2o_c + histd_c + 2.0 nad_c --> 3.0 h_c + his__L_c + 2.0 nadh_c	0.025877
R977	R977: CDPDG_c + inost_c --> cmp_c + pailho_c	0.00049
R989	R989: 2ahbut_m + h_m + nadph_m --> 23dhmp_m + nadp_m	0.070704
R1001	R1001: 2obut_m + coa_m + nad_m --> co2_m + nadh_m + ppcoa_m	0.00017
R1004	R1004_num1: b124tc_m + h2o_m --> hicit_m	0.113809
R1005	R1005: hicit_m + nad_m --> h_m + nadh_m + oxag_m	0.113809
R1006	R1006: h_m + oxag_m --> 2oxoadp_m + co2_m	0.113809
R1013	R1013: L2aadp6sa_m + glu__L_m + h_m + nadph_m --> h2o_m + nadp_m + saccrp__L_m	0.113809
R1015	R1015: accoa_m + akg_m + h2o_m --> HCIT_m + coa_m + h_m	0.113809
R1016	R1016: L2aadp_m + 2.0 h_m + nadh_m --> L2aadp6sa_m + h2o_m + nad_m	0.113809
R1033	R1033_num1: cit_m --> icit_m	0.796084
R1036	R1036: atp_c + f6p_c --> adp_c + fdp_B_c + h_c	12.609492
R1044	R1044_num1: fdp_B_c --> dhap_c + g3p_c	12.609492
R1106	R1106: mlthf_c + nad_c --> methf_c + nadh_c	0.072441
R1107	R1107_num1: h_c + mlthf_c + nadph_c --> 5mthf_c + nadp_c	0.025318
R1114	R1114_num1: h2o_c + methf_c --> 10fthf_c + h_c	0.072441
R1122	R1122_num1: h2o_c + ppi_c --> h_c + 2.0 pi_c	2.592645
R1171	R1171: C170ACP_c + h_c + nadh_c + o2_c --> C171ACP_c + 2.0 h2o_c + nad_c	0.00017
R1188	R1188: glu__L_c + phpyr_c --> akg_c + phe__L_c	0.060895
R1194	R1194_num1: 2dda7p_c --> 3dhq_c + pi_c	0.091905
R1195	R1195_num1: 3dhq_c --> 3dhsk_c + h2o_c	0.091905
R1197	R1197_num1: 3dhsk_c + h_c + nadh_c --> nad_c + skm_c	0.091905
R1199	R1199_num1: atp_c + skm_c --> adp_c + h_c + skm5p_c	0.091905
R1200	R1200_num1: pep_c + skm5p_c --> 3psme_c + pi_c	0.091905
R1201	R1201: 3psme_c --> chor_c + pi_c	0.091905
R1202	R1202: chor_c --> pphn_c	0.069157
R1203	R1203: nadp_c + pphn_c --> 34hpp_c + co2_c + nadph_c	0.008262
R1205	R1205: anth_c + prpp_c --> ppi_c + pran_c	0.022748
R1206	R1206: pran_c --> 2cpr5p_c	0.022748
R1207	R1207: 2cpr5p_c + h_c --> 3ig3p_c + co2_c + h2o_c	0.022748
R1269	R1269: atp_c + gly_c + pram_c --> adp_c + gar_c + h_c + pi_c	0.023282
R1270	R1270: atp_c + fgam_c + gln__L_c + h2o_c --> FGAM_c + adp_c + glu__L_c + h_c + pi_c	0.023282
R1271	R1271: FGAM_c + atp_c --> AIR_c + adp_c + h_c + pi_c	0.023282
R1272	R1272: AIR_c + co2_c --> 5aizc_c + 2.0 h_c	0.023282
R1273	R1273: 5aizc_c + asp__L_c + atp_c --> 25aics_c + adp_c + h_c + pi_c	0.023282
R1274	R1274: 25aics_c --> aicar_c + fum_c	0.023282
R1275	R1275: fprica_c --> h2o_c + imp_c	0.049159
R1278	R1278: adp_c + trdrd_c --> dadp_c + h2o_c + trdox_c	0.006575
R1280	R1280_num1: h2o_c + imp_c + nad_c --> h_c + nadh_c + xmp_c	0.013276
R1282	R1282: atp_c + gmp_c --> adp_c + gdp_c	0.006968
R1284	R1284: gdp_c + trdrd_c --> dgdp_c + h2o_c + trdox_c	0.006968
R1285	R1285: adp_c + dgdp_c --> atp_c + dgmp_c	0.006968
R1312	R1312: amp_c + utp_c --> adp_c + udp_c	1.948256
R1313	R1313: amp_c + ctp_c --> adp_c + cdp_c	0.001943
R1321	R1321: adn_c + atp_c --> adp_c + amp_c + h_c	0.022084
R1338	R1338_num1: adp_c + atp_c + h_c --> ap4a_c + pi_c	0.005098
R1345	R1345: atp_c + nh4_c + xmp_c --> amp_c + gmp_c + 2.0 h_c + ppi_c	0.013276
R1367	R1367: asp__L_c + gtp_c + imp_c --> dcamp_c + gdp_c + 2.0 h_c + pi_c	0.035883
R1368	R1368: dcamp_c --> amp_c + fum_c	0.035883
R1370	R1370: 10fthf_c + gar_c --> fgam_c + h_c + thf_c	0.023282
R1371	R1371: 10fthf_c + aicar_c --> fprica_c + thf_c	0.049159
R1372	R1372_num1: aps_c + atp_c --> adp_c + h_c + paps_c	0.005098
R1375	R1375: orot_c + prpp_c --> orot5p_c + ppi_c	0.023527
R1376	R1376: h_c + orot5p_c --> co2_c + ump_c	0.023527
R1377	R1377: atp_c + ump_c --> adp_c + udp_c	0.019413
R1380	R1380: atp_c + nh4_c + utp_c --> adp_c + ctp_c + 2.0 h_c + pi_c	0.012838
R1383	R1383: cdp_c + trdrd_c --> dcdp_c + h2o_c + trdox_c	0.006968
R1384	R1384: trdrd_c + udp_c --> dudp_c + h2o_c + trdox_c	0.006575
R1411	R1411: dctp_c + h2o_c --> dcmp_c + h_c + ppi_c	0.006968
R1414	R1414: dutp_c + h2o_c --> dump_c + h_c + ppi_c	0.006575
R1421	R1421: dgtp_c + uri_c --> dgdp_c + h_c + ump_c	0.006575
R1440	R1440: dhor__S_c + fum_c --> orot_c + succ_c	0.023527
R1444	R1444: dump_c + mlthf_c --> dhf_c + dtmp_c	0.006575
R1455	R1455_num1: ac_c + atp_c + coa_c --> accoa_c + amp_c + ppi_c	0.003235
R1461	R1461: dhf_c + h_c + nadph_c --> nadp_c + thf_c	0.006575
R1505	R1505: h_c + nadph_c + trdox_c --> nadp_c + trdrd_c	0.032184
R1518	R1518: h_c + pmtcoa_c + ser__L_c --> 3dsphgn_c + co2_c + coa_c	0.000202
R1520	R1520: h_c + nadph_c + o2_c + sphgn_c --> h2o_c + nadp_c + psphings_c	5.2e-05
R1521	R1521: ser__L_c + stcoa_c --> C20DHSPH_c + co2_c + coa_c	0.000124
R1523	R1523: C20SPH_c + h_c + nadph_c + o2_c --> C20PSPH_c + h2o_c + nadp_c	5.2e-05
R1524	R1524: C171COA_c + 4.0 h_c + ser__L_c --> C191DHSPH_c + co2_c + coa_c	0.00017
R1526	R1526_num1: psphings_c + stcoa_c --> CERB1A_c + coa_c	2.6e-05
R1527	R1527_num1: ocdce9coa_c + psphings_c --> CERB1B_c + coa_c	2.6e-05
R1528	R1528_num1: C20PSPH_c + stcoa_c --> CERB1C_c + coa_c + 3.0 h_c	2.6e-05
R1529	R1529_num1: C20PSPH_c + ocdce9coa_c --> CERB1D_c + coa_c + 3.0 h_c	2.6e-05
R1530	R1530_num1: sphgn_c + stcoa_c --> CERB2A_c + coa_c	7.5e-05
R1531	R1531_num1: ocdce9coa_c + sphgn_c --> CERB2B_c + coa_c	7.5e-05
R1532	R1532_num1: C20SPH_c + stcoa_c --> CERB2C_c + coa_c + 3.0 h_c	3.6e-05
R1533	R1533_num1: C20SPH_c + ocdce9coa_c --> CERB2D_c + coa_c + 3.0 h_c	3.6e-05
R1534	R1534: CERB2A_c + udpgal_c --> GALCERA_c + udp_c	3.9e-05
R1535	R1535: CERB2B_c + udpgal_c --> GALCERB_c + udp_c	3.9e-05
R1536	R1536_num1: C191SPH_c + stcoa_c --> CEREB1_c + coa_c + h_c	8.5e-05
R1537	R1537: CEREB1_c + udpg_c --> GLUCER1_c + udp_c	8.5e-05
R1538	R1538_num1: C191SPH_c + ocdce9coa_c --> CEREB2_c + coa_c + h_c	8.5e-05
R1539	R1539: CEREB2_c + udpg_c --> glusideho_c + udp_c	8.5e-05
R1543	R1543: val__L_m --> val__L_c	0.075275
R1566	R1566: g6p_c --> f6p_c	6.009048
R1568	R1568: g6p_c + udpg_c --> h_c + tre6p_c + udp_c	0.07981
R1569	R1569: h2o_c + tre6p_c --> pi_c + tre_c	0.07981
R1583	R1583: udpg_c --> 13GLUCAN_c + udp_c	0.222274
R1584	R1584: udpg_c --> 14GLUCAN_c + udp_c	0.031717
R1603	R1603: Ssq23epx_c --> lanost_c	0.012299
R1604	R1604: 2.0 h_c + lanost_c + 3.0 nadph_c + 3.0 o2_c --> DCTOL_c + for_c + 4.0 h2o_c + 3.0 nadp_c	0.012299
R1605	R1605: DCTOL_c + h_c + nadph_c --> DCDOL_c + nadp_c	0.012299
R1606	R1606: DCDOL_c + 2.0 h_c + 3.0 nadph_c + 3.0 o2_c --> DCDA_c + 4.0 h2o_c + 3.0 nadp_c	0.012299
R1607	R1607: DCDA_c + nadp_c --> CDOL_c + co2_c + nadph_c	0.012299
R1608	R1608: amet_c + zymst_c --> ahcys_c + fecost_c + h_c	0.012299
R1609	R1609: fecost_c --> epist_c	0.012299
R1610	R1610: epist_c --> DEHYD_c + 2.0 h_c	0.012299
R1611	R1611: DEHYD_c + nadph_c --> ergtetrol_c + 3.0 h_c + nadp_c	0.012299
R1612	R1612_num1: ergtetrol_c + h_c + nadph_c --> ergst_c + nadp_c	0.012299
R1632	R1632: 2.0 frdp_c + h_c + nadph_c --> nadp_c + 2.0 ppi_c + sql_c	0.012299
R1658	R1658: g6p_c --> mi3p__D_c	0.019219
R1664	R1664: 5.0 h_c + 3.0 nadph_c + so3_c --> 3.0 h2o_c + h2s_c + 3.0 nadp_c	0.005098
R1665	R1665: paps_c + trdrd_c --> 2.0 h_c + pap_c + so3_c + trdox_c	0.005098
R1680	R1680: aacoa_c + accoa_c + h2o_c --> H3MCOA_c + coa_c + h_c	0.073791
R1690	R1690_num1: H3MCOA_c + 2.0 h_c + 2.0 nadph_c --> coa_c + mev__R_c + 2.0 nadp_c	0.073791
R1691	R1691_num1: atp_c + mev__R_c --> 5pmev_c + adp_c + h_c	0.073791
R1692	R1692: 5pmev_c + atp_c --> 5dpmev_c + adp_c	0.073791
R1693	R1693: 5dpmev_c + atp_c --> adp_c + co2_c + ipdp_c + pi_c	0.073791
R1694	R1694: ipdp_c --> dmpp_c	0.024597
R1710	R1710: h2o_c + mnl1p_c --> mnl_c + pi_c	0.295875
R1818	R1818: 34hpp_c + glu__L_c --> akg_c + tyr__L_c	0.008262
R1822	R1822: ACLAC_m + h_m + nadph_m --> 23dhmb_m + nadp_m	0.215488
R1823	R1823_num1: 3c3hmp_m --> 2ippm_m + h2o_m	0.140213
R1824	R1824_num1: 2ippm_m + h2o_m --> 3c2hmp_m	0.140213
R1825	R1825: 3c2hmp_m + nad_m --> 3c4mop_m + h_m + nadh_m	0.140213
R1830	R1830_num1: h_m + 2.0 pyr_m --> ACLAC_m + co2_m	0.215488
R1831	R1831_num1: 2obut_m + h_m + pyr_m --> 2ahbut_m + co2_m	0.070704
R1836	R1836: 3mob_m + accoa_m + h2o_m --> 3c3hmp_m + coa_m + h_m	0.140213
R1864	R1864: 4mop_c + glu__L_c --> akg_c + leu__L_c	0.140213
R1869	R1869: udpg_c --> PSNIG_c + udp_c	0.027477
R1870	R1870: udpg_c --> NIG_c + udp_c	0.020709
R1871	R1871: DMIPC_c + udpgal_c --> GDMIPC_c + h_c + udp_c	3.5e-05
R1872	R1872: GDMIPC_c + udpgal_c --> DGDMIPC_c + h_c + udp_c	3.5e-05
R1873	R1873: DGDMIPC_c + udpgal_c --> TGDMIPC_c + h_c + udp_c	3.5e-05
R1960	R1960: 0.181 udpacgal_c + 0.065 udpg_c + 0.754 udpgal_c --> GAG_c + udp_c	0.003506
R1961	R1961: 0.435 gdpmann_c + 0.1 udpg_c + 0.332 udpgal_c + 0.133 udpgalfur_c --> GGM_c + 0.435 gdp_c + 0.565 udp_c	0.031063
R1962	R1962: 0.5 o2_m + qh2_m --> h2o_m + q_m	3.917314
R1967	R1967: IPC_c + gdpmann_c --> MIPC_c + gdp_c	3.5e-05
R1968	R1968: h_c + nadph_c + o2_c + sql_c --> Ssq23epx_c + h2o_c + nadp_c	0.012299
R1970	R1970: CDOL_c + h_c + nadph_c --> 4mzym_c + nadp_c	0.012299
R1971	R1971: 4mzym_c + o2_c --> co2_c + 2.0 h_c + zymst_c	0.012299
R1974	R1974: 0.0097602 amp_c + 0.13641 atp_c + 0.016694 cmp_c + 0.01794 gmp_c + 0.080349 h2o_c + 0.011701 ump_c --> RNA_c + 0.13641 adp_c + 0.13641 pi_c	0.351588
R1975	R1975_num1: atp_c + h2o_c --> adp_c + h_c + pi_c	2.8
R2042	R2042: datp_c + h2o_c --> damp_c + h_c + ppi_c	0.006575
R2157	R2157: 4.0 He_m + h_m + nadh_m + q_m --> 4.0 He_i + nad_m + qh2_m	3.706882
R2158	R2158: 4.0 He_m + 2.0 ficytC_m + qh2_m --> 2.0 FERO_m + 4.0 He_i + 2.0 h_m + q_m	0.00747
R2159	R2159: 2.0 FERO_m + 4.0 He_m + 2.0 h_m + 0.5 o2_m --> 4.0 He_i + 2.0 ficytC_m + h2o_m	0.00747
R2160	R2160: 4.5454 He_i + adp_m + h_m + pi_m --> 4.5454 He_m + atp_m + h2o_m	3.275243
R2165	R2165: adp_c + atp_m --> adp_m + atp_c	2.530237
R2166	R2166: 0.25 CLCDPDG_c + 0.25 PCCDPDG_c + 0.25 PECDPDG_c + 0.25 PSCDPDG_c --> CDPDG_c	0.00049
R2203	R2203: o2_e --> o2_c	2.112085
R2237	R2237_num1: h_e + pi_e --> h_c + pi_c	0.063815
R2238	R2238: nh4_e --> nh4_c	2.629693
R2241	R2241: so4_e --> so4_c	0.005098
R2256	R2256: arab__D_e --> arab__D_c	0.010818
R2299	R2299: h_e --> h_c	19.355352
R2308	R2308: pyr_c --> pyr_m	2.385477
R2313	R2313: fum_m + succ_c --> fum_c + succ_m	0.217903
R2316	R2316: fum_c --> fum_m	0.348752
R2321	R2321: ile__L_m --> ile__L_c	0.070704
R2322	R2322: h_c + orn_m --> h_m + orn__L_c	0.081674
R2325	R2325: glu__L_c + h_c --> glu__L_m + h_m	0.727365
R2326	R2326: akg_m + mal__L_c --> akg_c + mal__L_m	1.03838
R2329	R2329: o2_c --> o2_m	1.962392
R2331	R2331: nh4_c --> nh4_m	0.047862
R2334	R2334: coa_c --> coa_m	0.00017
R2387	R2387: dcdp_c --> dcdp_m	0.006968
R2391	R2391: h2o_e --> 	2.048362
R2392	R2392: co2_e --> 	24.325122
R2422	R2422: etoh_e --> 	21.522204
R2429	R2429: galt_e --> 	0.27826
Biomass	Biomass: BIOMASS_c --> 	0.351588
R2528	R2528: sbt__D_c --> sbt__D_m	0.27826
R2531	R2531: 0.25 CERB1A_c + 0.25 CERB1B_c + 0.25 CERB1C_c + 0.25 CERB1D_c --> CERB1_c	0.000105
R2532	R2532: 0.25 CERB2A_c + 0.25 CERB2B_c + 0.25 CERB2C_c + 0.25 CERB2D_c --> CERB2_c	0.000143
R2533	R2533: 0.5 GALCERA_c + 0.5 GALCERB_c --> GALCER_c	7.8e-05
R2534	R2534: 0.4157 TRNAALA_c + 0.2708 TRNAARG_c + 0.2144 TRNAASN_c + 0.2144 TRNAASP_c + 0.0053 TRNACYS_c + 0.4423 TRNAGLN_c + 0.4423 TRNAGLU_c + 0.3187 TRNAGLY_c + 0.0736 TRNAHIS_c + 0.2011 TRNAILE_c + 0.3988 TRNALEU_c + 0.3237 TRNALYS_c + 0.0092 TRNAMET_c + 0.1732 TRNAPHE_c + 0.2323 TRNAPRO_c + 0.271 TRNASER_c + 0.2631 TRNATHR_c + 0.0647 TRNATRP_c + 0.0235 TRNATYR_c + 0.2141 TRNAVAL_c --> PROTEIN_c + 4.5722 TRNA_c	0.351588
R2535	R2535: 0.6322 13GLUCAN_c + 0.09021 14GLUCAN_c + 0.009972 GAG_c + 0.08835 GGM_c + 0.0589 NIG_c + 0.07815 PSNIG_c + 0.3764 chtn_c --> CELLWALL_c	0.351588
R2536	R2536: 0.0002986 CERB1_c + 0.000307 CERB2_c + 0.01738 CLPA_c + 0.0009668 DAGLY_c + 0.0002215 GALCER_c + 0.0002418 GLUCER1_c + 0.00249 LPE_c + 0.0008394 MAGLY_c + 0.008802 PE_c + 0.000945 PS_c + 9.886e-05 TGDMIPC_c + 0.0040406 clpnho_c + 0.03498 ergst_c + 0.0002424 glusideho_c + 0.0002932 hdca_c + 0.0003756 lnlc_c + 7.456e-05 ocdca_c + 0.0003216 ocdcea_c + 0.001295 pailho_c + 0.009277 pcholho_c + 0.00543 tagho_c --> LIPIDS_c	0.351588
R2537	R2537: 0.03077 abt__D_c + 0.2209 glc__D_c + 0.05327 inost_c + 0.0501 mnl_c + 0.227 tre_c --> SMALLM_c	0.351588
R2538	R2538: CELLWALL_c + DNA_c + LIPIDS_c + PROTEIN_c + RNA_c + SMALLM_c + 61.0 atp_c + 61.0 h2o_c --> BIOMASS_c + 61.0 adp_c + 61.0 pi_c	0.351588
R2560	R2560: 3c4mop_m + h_m --> 4mop_c + co2_m	0.140213
R2602	R2602: succ_x --> succ_c	0.194376
R2603	R2603: glx_x --> glx_c	0.194376
R2605	R2605: cellb_c + pi_c --> g1p_c + glc__D_c	6.933213
R58	R58_reverse: ru5p__D_c --> R5P_c	0.235049
R105	R105_reverse: h_c + nadh_c + oaa_c --> mal__L_c + nad_c	1.03838
R438	R438_reverse: CPD_13036_c + h_c + nadh_c --> galt_c + nad_c	0.27826
R439	R439_reverse: nadp_m + sbt__D_m --> CPD_13036_m + h_m + nadph_m	0.27826
R586	R586_reverse_num1: ACP_c + lnlccoa_c --> C182ACP_c + coa_c	0.000141
R753	R753_reverse: man6p_c --> man1p_c	0.013582
R894	R894_reverse: cys__L_c + h2o_c --> h2s_c + ser__L_c	0.230422
R1037	R1037_reverse: fald_c + h_c + nadh_c --> meoh_c + nad_c	0.012299
R1347	R1347_reverse_num1: ap4a_c + so4_c --> aps_c + atp_c	0.005098
R1373	R1373_reverse: cbasp_c + h_c --> dhor__S_c + h2o_c	0.023527
R1382	R1382_reverse: atp_c + cmp_c --> adp_c + cdp_c	0.005026
R1426	R1426_reverse: dudp_c + h_c + ump_c --> dutp_c + uri_c	0.006575
R1541	R1541_reverse: thr__L_c --> thr__L_m	0.070875
R1597	R1597_reverse: g1p_c --> g6p_c	6.530452
R1698	R1698_reverse: citr__L_m --> citr__L_c	0.09521
R1719	R1719_reverse_num1: f6p_c --> man6p_c	0.013582
R2146	R2146_reverse: ppcoa_m --> ppcoa_c	0.00017
R2182	R2182_reverse_num1: dctp_m --> dctp_c	0.006968
R2201	R2201_reverse: co2_c --> co2_e	24.325122
R2202	R2202_reverse: h2o_c --> h2o_e	2.048362
R2204	R2204_reverse: etoh_c --> etoh_e	21.522204
R2263	R2263_reverse: galt_c + h_c --> galt_e + h_e	0.27826
R2306	R2306_reverse_num1: h_c + pi_c --> h_m + pi_m	2.560732
R2310	R2310_reverse: cit_m + h_m --> cit_c + h_c	0.712369
R2317	R2317_reverse: icit_m --> icit_c	0.194376
R2318	R2318_reverse: cbp_m --> cbp_c	0.023527
R2323	R2323_reverse: lys__L_m --> lys__L_c	0.113809
R2328	R2328_reverse: h2o_m --> h2o_c	5.165122
R2330	R2330_reverse: co2_m --> co2_c	2.66451
R2393	R2393_reverse:  --> nh4_e	2.629693
R2396	R2396_reverse:  --> o2_e	2.112085
R2397	R2397_reverse:  --> pi_e	0.063815
R2398	R2398_reverse:  --> so4_e	0.005098
R2400	R2400_reverse:  --> h_e	19.140906
R2527	R2527_reverse: CPD_13036_m --> CPD_13036_c	0.27826
R2561	R2561_reverse: co2_m + h2o_c --> h_m + hco3_m	0.118737
R2601	R2601_reverse: icit_c --> icit_x	0.194376
R36	R36_num2: adp_c + h_c + pep_c --> atp_c + pyr_c	24.78976
R43	R43_num2: dhap_c --> g3p_c	12.588521
R56	R56_num3: 6pgc_c + nadp_c --> co2_c + nadph_c + ru5p__D_c	0.422374
R114	R114_num2: accoa_m + h2o_m + oaa_m --> cit_m + coa_m + h_m	1.508453
R152	R152_num7: uacgam_c --> chtn_c + udp_c	0.132338
R158	R158_num2: uacgam_c --> udpacgal_c	0.000635
R166	R166_num2: TRNA_c + asp__L_c + atp_c --> TRNAASP_c + amp_c + ppi_c	0.07538
R172	R172_num2: TRNA_c + atp_c + pro__L_c --> TRNAPRO_c + amp_c + ppi_c	0.081674
R174	R174_num2: TRNA_c + atp_c + gln__L_c --> TRNAGLN_c + amp_c + ppi_c	0.155507
R180	R180_num2: TRNA_c + atp_c + thr__L_c --> TRNATHR_c + amp_c + ppi_c	0.092503
R184	R184_num2: TRNA_c + atp_c + val__L_c --> TRNAVAL_c + amp_c + ppi_c	0.075275
R185	R185_num2: TRNA_c + atp_c + leu__L_c --> TRNALEU_c + amp_c + ppi_c	0.140213
R186	R186_num2: TRNA_c + atp_c + lys__L_c --> TRNALYS_c + amp_c + ppi_c	0.113809
R187	R187_num2: TRNA_c + atp_c + met__L_c --> TRNAMET_c + amp_c + ppi_c	0.003235
R191	R191_num2: TRNA_c + atp_c + trp__L_c --> TRNATRP_c + amp_c + ppi_c	0.022748
R237	R237_num2: acglu_m + atp_m --> acg5p_m + adp_m	0.176884
R239	R239_num2: acg5sa_m + glu__L_m --> acorn_m + akg_m	0.176884
R240	R240_num2: acorn_m + glu__L_m --> acglu_m + orn_m	0.176884
R243	R243_num2: asp__L_c + atp_c + citr__L_c --> amp_c + argsuc_c + h_c + ppi_c	0.09521
R247	R247_num6: glu__L_c + oaa_c --> akg_c + asp__L_c	0.331897
R254	R254_num2: atp_c + glu__L_c + nh4_c --> adp_c + gln__L_c + h_c + pi_c	2.139805
R400	R400_num2: atp_c + h2o_c + met__L_c --> amet_c + pi_c + ppi_c	0.022084
R465	R465_num2: ACP_c + malcoa_c --> coa_c + malACP_c	0.316988
R466	R466_num2: ACP_c + accoa_c --> acACP_c + coa_c	0.041035
R467	R467_num4: acACP_c + malACP_c --> ACP_c + actACP_c + co2_c	0.041035
R468	R468_num4: actACP_c + h_c + nadph_c --> C4HACP_c + nadp_c	0.041035
R469	R469_num2: C4HACP_c --> C4DACP_c + h2o_c	0.041035
R470	R470_num2: C4DACP_c + h_c + nadph_c --> C40ACP_c + nadp_c	0.041035
R472	R472_num4: C40ACP_c + h_c + malACP_c --> ACP_c + C6OACP_c + co2_c	0.041035
R473	R473_num4: C6OACP_c + h_c + nadph_c --> C6HACP_c + nadp_c	0.041035
R474	R474_num2: C6HACP_c --> C6DACP_c + h2o_c	0.041035
R475	R475_num2: C6DACP_c + h_c + nadph_c --> C60ACP_c + nadp_c	0.041035
R477	R477_num4: C60ACP_c + h_c + malACP_c --> ACP_c + C8OACP_c + co2_c	0.041035
R478	R478_num4: C8OACP_c + h_c + nadph_c --> C8HACP_c + nadp_c	0.041035
R479	R479_num2: C8HACP_c --> C8DACP_c + h2o_c	0.041035
R480	R480_num2: C8DACP_c + h_c + nadph_c --> C80ACP_c + nadp_c	0.041035
R482	R482_num4: C80ACP_c + h_c + malACP_c --> ACP_c + C10OACP_c + co2_c	0.041035
R483	R483_num4: C10OACP_c + h_c + nadph_c --> C10HACP_c + nadp_c	0.041035
R484	R484_num2: C10HACP_c --> C10DACP_c + h2o_c	0.041035
R485	R485_num2: C10DACP_c + h_c + nadph_c --> C100ACP_c + nadp_c	0.041035
R487	R487_num4: C100ACP_c + h_c + malACP_c --> ACP_c + C12OACP_c + co2_c	0.041035
R488	R488_num4: C12OACP_c + h_c + nadph_c --> C12HACP_c + nadp_c	0.041035
R489	R489_num2: C12HACP_c --> C12DACP_c + h2o_c	0.041035
R490	R490_num2: C12DACP_c + h_c + nadph_c --> dodecacp_c + nadp_c	0.041035
R492	R492_num4: dodecacp_c + h_c + malACP_c --> ACP_c + C14OACP_c + co2_c	0.041035
R493	R493_num4: C14OACP_c + h_c + nadph_c --> C14HACP_c + nadp_c	0.041035
R494	R494_num2: C14HACP_c --> C14DACP_c + h2o_c	0.041035
R495	R495_num2: C14DACP_c + h_c + nadph_c --> C140ACP_c + nadp_c	0.041035
R497	R497_num4: C140ACP_c + h_c + malACP_c --> 3opalmACP_c + ACP_c + co2_c	0.041035
R498	R498_num4: 3opalmACP_c + h_c + nadph_c --> C16HACP_c + nadp_c	0.041035
R499	R499_num2: C16HACP_c --> C16DACP_c + h2o_c	0.041035
R500	R500_num2: C16DACP_c + h_c + nadph_c --> C160ACP_c + nadp_c	0.041035
R502	R502_num2: C160ACP_c + h_c + malACP_c --> ACP_c + C18OACP_c + co2_c	0.028554
R503	R503_num4: C18OACP_c + h_c + nadph_c --> C18HACP_c + nadp_c	0.028554
R579	R579_num4: C160ACP_c + coa_c --> ACP_c + pmtcoa_c	2.4e-05
R604	R604_num5: atp_c + coa_c + ocdca_c --> amp_c + ppi_c + stcoa_c	2.7e-05
R605	R605_num5: atp_c + coa_c + ocdcea_c --> amp_c + ocdce9coa_c + ppi_c	0.000155
R606	R606_num5: atp_c + coa_c + lnlc_c --> amp_c + lnlccoa_c + ppi_c	0.000141
R621	R621_num5: atp_c + coa_c + hdca_c --> amp_c + pmtcoa_c + ppi_c	0.000178
R642	R642_num3: 2.0 accoa_c --> aacoa_c + coa_c	0.073791
R732	R732_num4: mnl_c + nadp_c --> fru_c + h_c + nadph_c	0.27826
R754	R754_num2: gtp_c + h_c + man1p_c --> gdpmann_c + ppi_c	0.013582
R760	R760_num2: arab__D_c + h_c + nadph_c --> abt__D_c + nadp_c	0.010818
R811	R811_num2: 0.2291 C160ACP_c + 0.0795 C180ACP_c + 0.2979 C181ACP_c + 0.3935 C182ACP_c + DAGLY_c --> ACP_c + tagho_c	0.001909
R818	R818_num2: 0.3211 C160ACP_c + 0.0606 C180ACP_c + 0.3061 C181ACP_c + 0.3122 C182ACP_c + glyc3p_c --> ACP_c + PSAGL3P_c	0.000455
R819	R819_num4: 0.3211 C160ACP_c + 0.0606 C180ACP_c + 0.3061 C181ACP_c + 0.3122 C182ACP_c + PSAGL3P_c --> ACP_c + PSPA_c	0.000455
R820	R820_num2: 0.3211 C160ACP_c + 0.0606 C180ACP_c + 0.3061 C181ACP_c + 0.3122 C182ACP_c + glyc3p_c --> ACP_c + PEAGL3P_c	0.007354
R821	R821_num4: 0.3211 C160ACP_c + 0.0606 C180ACP_c + 0.3061 C181ACP_c + 0.3122 C182ACP_c + PEAGL3P_c --> ACP_c + PEPA_c	0.007354
R822	R822_num2: 0.3211 C160ACP_c + 0.0606 C180ACP_c + 0.3061 C181ACP_c + 0.3122 C182ACP_c + glyc3p_c --> ACP_c + PCAGL3P_c	0.000123
R823	R823_num4: 0.3211 C160ACP_c + 0.0606 C180ACP_c + 0.3061 C181ACP_c + 0.3122 C182ACP_c + PCAGL3P_c --> ACP_c + PCPA_c	0.000123
R824	R824_num2: 0.3211 C160ACP_c + 0.0606 C180ACP_c + 0.3061 C181ACP_c + 0.3122 C182ACP_c + glyc3p_c --> ACP_c + CLAGL3P_c	0.009074
R825	R825_num4: 0.3211 C160ACP_c + 0.0606 C180ACP_c + 0.3061 C181ACP_c + 0.3122 C182ACP_c + CLAGL3P_c --> ACP_c + CLPA_c	0.009074
R830	R830_num2: 0.2291 C160ACP_c + 0.0795 C180ACP_c + 0.2979 C181ACP_c + 0.3935 C182ACP_c + glyc3p_c --> ACP_c + MAGLYP_c	0.002544
R831	R831_num4: 0.2291 C160ACP_c + 0.0795 C180ACP_c + 0.2979 C181ACP_c + 0.3935 C182ACP_c + MAGLYP_c --> ACP_c + DAGLYP_c	0.002249
R832	R832_num2: DAGLYP_c + h2o_c --> DAGLY_c + pi_c	0.002249
R837	R837_num2: PSPA_c + ctp_c + h_c --> PSCDPDG_c + ppi_c	0.000455
R839	R839_num2: PEPA_c + ctp_c + h_c --> PECDPDG_c + ppi_c	0.007354
R840	R840_num2: PEPS_c + h_c --> PE_c + co2_c	0.007232
R842	R842_num2: PCPA_c + ctp_c + h_c --> PCCDPDG_c + ppi_c	0.000123
R845	R845_num2: CLPA_c + ctp_c + h_c --> CLCDPDG_c + ppi_c	0.002964
R901	R901_num4: ser__L_c + thf_c --> gly_c + h2o_c + mlthf_c	0.104334
R908	R908_num2: PSCDPDG_c + ser__L_c --> PS_c + cmp_c + h_c	0.000332
R909	R909_num2: PECDPDG_c + ser__L_c --> PEPS_c + cmp_c + h_c	0.007232
R918	R918_num2: 3ig3p_c + ser__L_c --> g3p_c + h2o_c + trp__L_c	0.022748
R921	R921_num3: thr__L_m --> 2obut_m + nh4_m	0.070875
R945	R945_num6: glu__L_c + imacp_c --> akg_c + hisp_c	0.025877
R1003	R1003_num2: HCIT_m --> b124tc_m + h2o_m	0.113809
R1012	R1012_num7: 2oxoadp_m + glu__L_m --> L2aadp_m + akg_m	0.113809
R1014	R1014_num3: h2o_m + nad_m + saccrp__L_m --> akg_m + h_m + lys__L_m + nadh_m	0.113809
R1193	R1193_num3: e4p_c + h2o_c + pep_c --> 2dda7p_c + pi_c	0.091905
R1204	R1204_num2: chor_c + gln__L_c --> anth_c + glu__L_c + h_c + pyr_c	0.022748
R1244	R1244_num2: TRNA_c + atp_c + glu__L_c --> TRNAGLU_c + amp_c + ppi_c	0.155507
R1357	R1357_num2: gdp_c + h_c + pep_c --> gtp_c + pyr_c	0.049465
R1360	R1360_num2: dadp_c + h_c + pep_c --> datp_c + pyr_c	0.006575
R1361	R1361_num2: dgdp_c + h_c + pep_c --> dgtp_c + pyr_c	0.006575
R1366	R1366_num2: gln__L_c + h2o_c + prpp_c --> glu__L_c + ppi_c + pram_c	0.023282
R1378	R1378_num2: atp_c + udp_c --> adp_c + utp_c	2.496827
R1410	R1410_num2: atp_m + dcdp_m --> adp_m + dctp_m	0.006968
R1442	R1442_num3: asp__L_c + cbp_c --> cbasp_c + h_c + pi_c	0.023527
R1519	R1519_num2: 3dsphgn_c + h_c + nadph_c --> nadp_c + sphgn_c	0.000202
R1522	R1522_num2: C20DHSPH_c + h_c + nadph_c --> C20SPH_c + nadp_c	0.000124
R1525	R1525_num2: C191DHSPH_c + nadph_c --> C191SPH_c + h_c + nadp_c	0.00017
R1659	R1659_num2: h2o_c + mi3p__D_c --> inost_c + pi_c	0.019219
R1695	R1695_num2: dmpp_c + ipdp_c --> grdp_c + ppi_c	0.024597
R1696	R1696_num2: grdp_c + ipdp_c --> frdp_c + ppi_c	0.024597
R1720	R1720_num9: MAGLYP_c + h2o_c --> MAGLY_c + pi_c	0.000295
R1827	R1827_num3: 23dhmp_m --> 3mop_m + h2o_m	0.070704
R1835	R1835_num3: 23dhmb_m --> 3mob_m + h2o_m	0.215488
R1865	R1865_num2: 3mop_m + glu__L_m --> akg_m + ile__L_m	0.070704
R1868	R1868_num2: 3mob_m + glu__L_m --> akg_m + val__L_m	0.075275
R2074	R2074_num3: h2o2_c + meoh_c --> fald_c + 2.0 h2o_c	0.012299
R2161	R2161_num5: atp_m + h2o_m + 2.88 h_m --> adp_m + 3.88 h_c + pi_m	0.202359
R2604	R2604_num2: cellb_e --> cellb_c	6.933213
R10	R10_reverse_num9: acald_c + h_c + nadh_c --> etoh_c + nad_c	21.522204
R736	R736_reverse_num3: fru_c + h_c + nadh_c --> nad_c + sbt__D_c	0.27826
R782	R782_reverse_num2: udpg_c --> udpgal_c	0.01727
