reactionid	equation_df1	flux_df1	equation_df2	flux_df2
R2	R2: glc__D_c --> 0.67 BDGLC_c + 0.33 Glc_aD_c	6.546627823877098	R2: glc__D_c --> 0.67 BDGLC_c + 0.33 Glc_aD_c	6.516500251906671
R3	R3: Glc_aD_c --> BDGLC_c	2.1603871818794427	R3: Glc_aD_c --> BDGLC_c	2.1504450831292017
R6_num1	R6_num1: BDGLC_c + atp_c --> adp_c + g6p_B_c + h_c	6.546627823877099	R6_num1: BDGLC_c + atp_c --> adp_c + g6p_B_c + h_c	6.51650025190667
R7	R7: g6p_B_c --> f6p_c	6.5466278238771	R7: g6p_B_c --> f6p_c	6.516500251906671
R9	R9: h_c + pyr_c --> acald_c + co2_c	21.302309277242625	R9: h_c + pyr_c --> acald_c + co2_c	21.024389596012234
R21_num1	R21_num1: h_c + nadh_c + nh4_c + pyr_c --> ala__L_c + h2o_c + nad_c	0.31823152756840056	R21_num1: h_c + nadh_c + nh4_c + pyr_c --> ala__L_c + h2o_c + nad_c	0.31534033170230263
R22_num1	R22_num1: BCCP_c + atp_c + co2_c + h2o_c --> adp_c + carP_c + 2.0 h_c + pi_c	0.2962297948072428	R22_num1: BCCP_c + atp_c + co2_c + h2o_c --> adp_c + carP_c + 2.0 h_c + pi_c	0.29353848900010093
R24	R24: h2o_c + pap_c --> amp_c + pi_c	0.0047641761986610895	R24: h2o_c + pap_c --> amp_c + pi_c	0.004720892723148262
R25	R25: 0.2619 atp_c + 0.0187 damp_c + 0.01982 dcmp_c + 0.01982 dgmp_c + 0.0187 dtmp_c + 0.1849 h2o_c --> DNA_c + 0.2619 adp_c + 0.2619 pi_c	0.3285638757697286	R25: 0.2619 atp_c + 0.0187 damp_c + 0.01982 dcmp_c + 0.01982 dgmp_c + 0.0187 dtmp_c + 0.1849 h2o_c --> DNA_c + 0.2619 adp_c + 0.2619 pi_c	0.32557880849298326
R35_num1	R35_num1: h_c + nadh_c + pyr_c --> lac__L_c + nad_c	1.761988345751976	R35_num1: h_c + nadh_c + pyr_c --> lac__L_c + nad_c	1.5954381003405615
R36_num1	R36_num1: adp_c + h_c + pep_c --> atp_c + pyr_c	24.203207828077048	R36_num1: adp_c + h_c + pep_c --> atp_c + pyr_c	24.10071624132798
R40	R40: 2pg_c --> h2o_c + pep_c	24.433495018821148	R40: 2pg_c --> h2o_c + pep_c	24.32891122776103
R42_num1	R42_num1: 3pg_c --> 2pg_c	24.433495018821148	R42_num1: 3pg_c --> 2pg_c	24.32891122776103
R46	R46: coa_m + nad_m + pyr_m --> accoa_m + co2_m + h_m + nadh_m	1.6470577862685203	R46: coa_m + nad_m + pyr_m --> accoa_m + co2_m + h_m + nadh_m	1.6320939431217878
R50	R50: g3p_c + nad_c + pi_c --> 13dpg_c + h_c + nadh_c	24.650569141441085	R50: g3p_c + nad_c + pi_c --> 13dpg_c + h_c + nadh_c	24.54401318938627
R51	R51: 13dpg_c + adp_c --> 3pg_c + atp_c	24.650569141441082	R51: 13dpg_c + adp_c --> 3pg_c + atp_c	24.54401318938627
R54	R54: ru5p__D_c --> xu5p__D_c	0.26173794757184293	R54: ru5p__D_c --> xu5p__D_c	0.2593600069642527
R55	R55: g6p_c + nadp_c --> 6pgl_c + h_c + nadph_c	0.5247340212531966	R55: g6p_c + nadp_c --> 6pgl_c + h_c + nadph_c	0.5199667097154679
R60	R60: 6pgl_c + h2o_c --> 6pgc_c + h_c	0.5247340212531966	R60: 6pgl_c + h2o_c --> 6pgc_c + h_c	0.5199667097154679
R61	R61: R5P_c + xu5p__D_c --> g3p_c + s7p_c	0.17381227234902502	R61: R5P_c + xu5p__D_c --> g3p_c + s7p_c	0.17223315375215928
R62_num1	R62_num1: g3p_c + s7p_c --> e4p_c + f6p_c	0.17381227234902502	R62_num1: g3p_c + s7p_c --> e4p_c + f6p_c	0.17223315375215928
R74	R74: g1p_c + h_c + utp_c --> ppi_c + udpg_c	0.37638539439564506	R74: g1p_c + h_c + utp_c --> ppi_c + udpg_c	0.3729658592394347
R104	R104: mal__L_m + nad_m --> h_m + nadh_m + oaa_m	0.32591348240944185	R104: mal__L_m + nad_m --> h_m + nadh_m + oaa_m	0.4734947300584056
R108	R108: atp_m + co2_m + h2o_m + pyr_m --> adp_m + 2.0 h_m + oaa_m + pi_m	0.728201046326586	R108: atp_m + co2_m + h2o_m + pyr_m --> adp_m + 2.0 h_m + oaa_m + pi_m	0.923368523927202
R109	R109: fum_m + h2o_m --> mal__L_m	0.32591348240944185	R109: fum_m + h2o_m --> mal__L_m	0.12116916749431922
R115	R115: atp_c + cit_c + coa_c --> accoa_c + adp_c + oaa_c + pi_c	0.665718644621653	R115: atp_c + cit_c + coa_c --> accoa_c + adp_c + oaa_c + pi_c	0.6596704601189474
R117_num1	R117_num1: icit_m + nad_m --> akg_m + co2_m + nadh_m	0.0231966096293434	R117_num1: icit_m + nad_m --> akg_m + co2_m + nadh_m	0.022985863879603868
R128	R128: ala__L_c + glx_c --> gly_c + pyr_c	0.18164752441092444	R128: ala__L_c + glx_c --> gly_c + pyr_c	0.1799972210117695
R134_num1	R134_num1: f6p_c + gln__L_c --> gam6p_c + glu__L_c	0.12426447829314666	R134_num1: f6p_c + gln__L_c --> gam6p_c + glu__L_c	0.12313551112672978
R144	R144: asp__L_c + atp_c + nh4_c --> amp_c + asn__L_c + h_c + ppi_c	0.0704440949650298	R144: asp__L_c + atp_c + nh4_c --> amp_c + asn__L_c + h_c + ppi_c	0.06980409654089562
R145	R145: akg_c + gln__L_c + h_c + nadh_c --> 2.0 glu__L_c + nad_c	1.6411341615872543	R145: akg_c + gln__L_c + h_c + nadh_c --> 2.0 glu__L_c + nad_c	1.626224135733011
R151	R151: acgam1p_c + h_c + utp_c --> ppi_c + uacgam_c	0.12426447829314663	R151: acgam1p_c + h_c + utp_c --> ppi_c + uacgam_c	0.12313551112672978
R159	R159: acgam6p_c --> acgam1p_c	0.12426447829314664	R159: acgam6p_c --> acgam1p_c	0.12313551112672977
R169_num1	R169_num1: TRNA_c + asn__L_c + atp_c --> TRNAASN_c + amp_c + ppi_c	0.0704440949650298	R169_num1: TRNA_c + asn__L_c + atp_c --> TRNAASN_c + amp_c + ppi_c	0.06980409654089562
R171	R171: TRNA_c + arg__L_c + atp_c --> TRNAARG_c + amp_c + ppi_c	0.08897509755844249	R171: TRNA_c + arg__L_c + atp_c --> TRNAARG_c + amp_c + ppi_c	0.08816674133989987
R173	R173: TRNA_c + atp_c + cys__L_c --> TRNACYS_c + amp_c + ppi_c	0.0017413885415795615	R173: TRNA_c + atp_c + cys__L_c --> TRNACYS_c + amp_c + ppi_c	0.0017255676850128111
R177_num1	R177_num1: TRNA_c + atp_c + ser__L_c --> TRNASER_c + amp_c + ppi_c	0.08904081033359643	R177_num1: TRNA_c + atp_c + ser__L_c --> TRNASER_c + amp_c + ppi_c	0.08823185710159846
R178	R178: TRNA_c + atp_c + gly_c --> TRNAGLY_c + amp_c + ppi_c	0.1047133072078125	R178: TRNA_c + atp_c + gly_c --> TRNAGLY_c + amp_c + ppi_c	0.10376196626671377
R181	R181: TRNA_c + atp_c + his__L_c --> TRNAHIS_c + amp_c + ppi_c	0.024182301256652022	R181: TRNA_c + atp_c + his__L_c --> TRNAHIS_c + amp_c + ppi_c	0.02396260030508357
R182_num1	R182_num1: TRNA_c + atp_c + ile__L_c --> TRNAILE_c + amp_c + ppi_c	0.06607419541729241	R182_num1: TRNA_c + atp_c + ile__L_c --> TRNAILE_c + amp_c + ppi_c	0.06547389838793893
R185_num1	R185_num1: TRNA_c + atp_c + leu__L_c --> TRNALEU_c + amp_c + ppi_c	0.13103127365696773	R185_num1: TRNA_c + atp_c + leu__L_c --> TRNALEU_c + amp_c + ppi_c	0.1298408288270017
R189_num1	R189_num1: TRNA_c + atp_c + tyr__L_c --> TRNATYR_c + amp_c + ppi_c	0.007721251080588621	R189_num1: TRNA_c + atp_c + tyr__L_c --> TRNATYR_c + amp_c + ppi_c	0.007651101999585107
R192	R192: TRNA_c + atp_c + phe__L_c --> TRNAPHE_c + amp_c + ppi_c	0.056907263283316974	R192: TRNA_c + atp_c + phe__L_c --> TRNAPHE_c + amp_c + ppi_c	0.05639024963098469
R210	R210: akg_c + orn__L_c --> glu5sa_c + glu__L_c	0.07632538834130795	R210: akg_c + orn__L_c --> glu5sa_c + glu__L_c	0.07563195721292001
R214	R214: glu5sa_c --> 1pyr5c_c + h2o_c + h_c	0.07632538834130795	R214: glu5sa_c --> 1pyr5c_c + h2o_c + h_c	0.07563195721292001
R215_num1	R215_num1: 1pyr5c_c + 2.0 h_c + nadph_c --> nadp_c + pro__L_c	0.07632538834130795	R215_num1: 1pyr5c_c + 2.0 h_c + nadph_c --> nadp_c + pro__L_c	0.07563195721292001
R235	R235: cbp_m + orn_m --> citr__L_m + h_m + pi_m	0.08897509755844249	R235: cbp_m + orn_m --> citr__L_m + h_m + pi_m	0.08816674133989985
R238_num1	R238_num1: acg5p_m + h_m + nadph_m --> acg5sa_m + nadp_m + pi_m	0.16530048589975044	R238_num1: acg5p_m + h_m + nadph_m --> acg5sa_m + nadp_m + pi_m	0.16379869855281987
R244	R244: argsuc_c --> arg__L_c + fum_c	0.08897509755844249	R244: argsuc_c --> arg__L_c + fum_c	0.08816674133989985
R254_num1	R254_num1: atp_c + glu__L_c + nh4_c --> adp_c + gln__L_c + h_c + pi_c	1.9965791940704791	R254_num1: atp_c + glu__L_c + nh4_c --> adp_c + gln__L_c + h_c + pi_c	1.9776716110252484
R255_num1	R255_num1: 2.0 atp_m + hco3_m + nh4_m --> 2.0 adp_m + cbp_m + 2.0 h_m + pi_m	0.11096094930557368	R255_num1: 2.0 atp_m + hco3_m + nh4_m --> 2.0 adp_m + cbp_m + 2.0 h_m + pi_m	0.10995284731020741
R302	R302: C180ACP_c + h_c + nadph_c + o2_c --> C181ACP_c + 2.0 h2o_c + nadp_c	0.023937964991972708	R302: C180ACP_c + h_c + nadph_c + o2_c --> C181ACP_c + 2.0 h2o_c + nadp_c	0.02372048388330849
R303	R303: C181ACP_c + h_c + nadph_c + o2_c --> C182ACP_c + 2.0 h2o_c + nadp_c	0.012255811585669662	R303: C181ACP_c + h_c + nadph_c + o2_c --> C182ACP_c + 2.0 h2o_c + nadp_c	0.012144465132780915
R351	R351: e4p_c + xu5p__D_c --> f6p_c + g3p_c	0.08792567522281794	R351: e4p_c + xu5p__D_c --> f6p_c + g3p_c	0.08712685321209346
R398	R398: achms_c + h2s_c --> ac_c + h_c + hcys__L_c	0.003022787657081505	R398: achms_c + h2s_c --> ac_c + h_c + hcys__L_c	0.00299532503813545
R401	R401: ahcys_c + h2o_c --> adn_c + hcys__L_c	0.02063742560097242	R401: ahcys_c + h2o_c --> adn_c + hcys__L_c	0.020449930540252764
R402	R402: h2s_c + pser__L_c --> cys__L_c + pi_c	0.21707412261993048	R402: h2s_c + pser__L_c --> cys__L_c + pi_c	0.21510196162523876
R431	R431: 5mthf_c + hcys__L_c --> met__L_c + thf_c	0.023660213258053925	R431: 5mthf_c + hcys__L_c --> met__L_c + thf_c	0.023445255578388217
R441	R441: h_c + pphn_c --> co2_c + h2o_c + phpyr_c	0.056907263283316974	R441: h_c + pphn_c --> co2_c + h2o_c + phpyr_c	0.05639024963098469
R504_num1	R504_num1: C18HACP_c --> C18DACP_c + h2o_c	0.02668427093542678	R504_num1: C18HACP_c --> C18DACP_c + h2o_c	0.026441839098431494
R512_num1	R512_num1: ACP_c + ppcoa_c --> PROPACP_c + coa_c	0.00015909062864770258	R512_num1: ACP_c + ppcoa_c --> PROPACP_c + coa_c	0.00015764525907230252
R517	R517: PROPACP_c + 2.0 h_c + malACP_c + 2.0 nadph_c --> ACP_c + C50ACP_c + co2_c + h2o_c + 2.0 nadp_c	0.00015909062864770258	R517: PROPACP_c + 2.0 h_c + malACP_c + 2.0 nadph_c --> ACP_c + C50ACP_c + co2_c + h2o_c + 2.0 nadp_c	0.0001576452590723025
R522	R522: C50ACP_c + 3.0 h_c + malACP_c + 2.0 nadph_c --> ACP_c + C70ACP_c + co2_c + h2o_c + 2.0 nadp_c	0.00015909062864770258	R522: C50ACP_c + 3.0 h_c + malACP_c + 2.0 nadph_c --> ACP_c + C70ACP_c + co2_c + h2o_c + 2.0 nadp_c	0.0001576452590723025
R527	R527: C70ACP_c + 3.0 h_c + malACP_c + 2.0 nadph_c --> ACP_c + C90ACP_c + co2_c + h2o_c + 2.0 nadp_c	0.00015909062864770258	R527: C70ACP_c + 3.0 h_c + malACP_c + 2.0 nadph_c --> ACP_c + C90ACP_c + co2_c + h2o_c + 2.0 nadp_c	0.0001576452590723025
R532	R532: C90ACP_c + 3.0 h_c + malACP_c + 2.0 nadph_c --> ACP_c + C110ACP_c + co2_c + h2o_c + 2.0 nadp_c	0.00015909062864770258	R532: C90ACP_c + 3.0 h_c + malACP_c + 2.0 nadph_c --> ACP_c + C110ACP_c + co2_c + h2o_c + 2.0 nadp_c	0.0001576452590723025
R537	R537: C110ACP_c + 3.0 h_c + malACP_c + 2.0 nadph_c --> ACP_c + C130ACP_c + co2_c + h2o_c + 2.0 nadp_c	0.00015909062864770258	R537: C110ACP_c + 3.0 h_c + malACP_c + 2.0 nadph_c --> ACP_c + C130ACP_c + co2_c + h2o_c + 2.0 nadp_c	0.0001576452590723025
R542	R542: C130ACP_c + 3.0 h_c + malACP_c + 2.0 nadph_c --> ACP_c + C150ACP_c + co2_c + h2o_c + 2.0 nadp_c	0.00015909062864770258	R542: C130ACP_c + 3.0 h_c + malACP_c + 2.0 nadph_c --> ACP_c + C150ACP_c + co2_c + h2o_c + 2.0 nadp_c	0.0001576452590723025
R547	R547: C150ACP_c + 3.0 h_c + malACP_c + 2.0 nadph_c --> ACP_c + C170ACP_c + co2_c + h2o_c + 2.0 nadp_c	0.00015909062864770258	R547: C150ACP_c + 3.0 h_c + malACP_c + 2.0 nadph_c --> ACP_c + C170ACP_c + co2_c + h2o_c + 2.0 nadp_c	0.00015764525907230252
R583_num1	R583_num1: C171ACP_c + coa_c --> ACP_c + C171COA_c	0.00015909062864770258	R583_num1: C171ACP_c + coa_c --> ACP_c + C171COA_c	0.00015764525907230252
R584_num1	R584_num1: C180ACP_c + coa_c --> ACP_c + stcoa_c	0.0003222147074343544	R584_num1: C180ACP_c + coa_c --> ACP_c + stcoa_c	0.00031928732359766485
R585_num1	R585_num1: C181ACP_c + coa_c --> ACP_c + ocdce9coa_c	8.700075722894226e-05	R585_num1: C181ACP_c + coa_c --> ACP_c + ocdce9coa_c	8.621033827966553e-05
R615	R615: C01241_c + amet_c --> C04308_c + ahcys_c + h_c	0.003048087075515772	R615: C01241_c + amet_c --> C04308_c + ahcys_c + h_c	0.0030203946063894057
R616	R616: C04308_c + amet_c --> ahcys_c + h_c + pcholho_c	0.003048087075515772	R616: C04308_c + amet_c --> ahcys_c + h_c + pcholho_c	0.0030203946063894057
R617	R617: MIPC_c + gdpmann_c --> DMIPC_c + gdp_c + h_c	3.248182475859537e-05	R617: MIPC_c + gdpmann_c --> DMIPC_c + gdp_c + h_c	3.218672100761633e-05
R619_num1	R619_num1: accoa_c + carP_c --> BCCP_c + malcoa_c	0.2962297948072428	R619_num1: accoa_c + carP_c --> BCCP_c + malcoa_c	0.29353848900010093
R731	R731: f6p_c + h_c + nadh_c --> mnl1p_c + nad_c	0.0164610501760634	R731: f6p_c + h_c + nadh_c --> mnl1p_c + nad_c	0.016311498305498464
R784	R784: udpgal_c --> udpgalfur_c	0.0038608062504259834	R784: udpgal_c --> udpgalfur_c	0.003825730068137224
R802	R802: icit_m + nadp_m --> akg_m + co2_m + nadph_m	0.5391076073629705	R802: icit_m + nadp_m --> akg_m + co2_m + nadph_m	0.5342097089752869
R835	R835: dhap_c + h_c + nadh_c --> glyc3p_c + nad_c	0.019597474935218625	R835: dhap_c + h_c + nadh_c --> glyc3p_c + nad_c	0.019419428030339293
R844	R844: PCPE_c + amet_c --> C01241_c + ahcys_c + h_c	0.003048087075515772	R844: PCPE_c + amet_c --> C01241_c + ahcys_c + h_c	0.0030203946063894057
R846_num1	R846_num1: CLCDPDG_c + glyc3p_c --> cmp_c + h_c + pgp_EC_c	0.0013275951964351654	R846_num1: CLCDPDG_c + glyc3p_c --> cmp_c + h_c + pgp_EC_c	0.001315533733596748
R847	R847: h2o_c + pgp_EC_c --> pglycho_c + pi_c	0.0013275951964351654	R847: h2o_c + pgp_EC_c --> pglycho_c + pi_c	0.0013155337335967478
R848	R848: CLCDPDG_c + pglycho_c --> clpnho_c + cmp_c	0.0013275951964351652	R848: CLCDPDG_c + pglycho_c --> clpnho_c + cmp_c	0.0013155337335967483
R851_num1	R851_num1: PE_c --> LPE_c + 0.3211 hdca_c + 0.3122 lnlc_c + 0.0606 ocdca_c + 0.3061 ocdcea_c	0.000818124050666624	R851_num1: PE_c --> LPE_c + 0.3211 hdca_c + 0.3122 lnlc_c + 0.0606 ocdca_c + 0.3061 ocdcea_c	0.0008106912331475283
R866	R866: accoa_c + gam6p_c --> acgam6p_c + coa_c + h_c	0.12426447829314666	R866: accoa_c + gam6p_c --> acgam6p_c + coa_c + h_c	0.12313551112672977
R880	R880: acald_c + gly_c --> thr__L_c	0.1526784417609557	R880: acald_c + gly_c --> thr__L_c	0.1512913281615152
R903	R903: 4pasp_c + h_c + nadph_c --> aspsa_c + nadp_c + pi_c	0.0030227876570815045	R903: 4pasp_c + h_c + nadph_c --> aspsa_c + nadp_c + pi_c	0.002995325038135451
R904	R904: aspsa_c + h_c + nadh_c --> hom__L_c + nad_c	0.003022787657081505	R904: aspsa_c + h_c + nadh_c --> hom__L_c + nad_c	0.002995325038135451
R905_num1	R905_num1: 3pg_c + nad_c --> 3php_c + h_c + nadh_c	0.21707412261993048	R905_num1: 3pg_c + nad_c --> 3php_c + h_c + nadh_c	0.2151019616252388
R906	R906: 3php_c + glu__L_c --> akg_c + pser__L_c	0.21707412261993048	R906: 3php_c + glu__L_c --> akg_c + pser__L_c	0.21510196162523876
R915	R915: asp__L_c + atp_c --> 4pasp_c + adp_c	0.003022787657081505	R915: asp__L_c + atp_c --> 4pasp_c + adp_c	0.002995325038135451
R922	R922: CERB2_c + pailho_c --> IPC_c + h2o_c	3.2481824758595366e-05	R922: CERB2_c + pailho_c --> IPC_c + h2o_c	3.218672100761633e-05
R923_num1	R923_num1: icit_x --> glx_x + succ_x	0.18164752441092444	R923_num1: icit_x --> glx_x + succ_x	0.1799972210117695
R936	R936: for_c + h_c + o2_c --> co2_c + h2o2_c	0.011493164374425102	R936: for_c + h_c + o2_c --> co2_c + h2o2_c	0.011388746721084551
R939	R939: atp_c + prpp_c --> ppi_c + prbatp_c	0.02418230125665202	R939: atp_c + prpp_c --> ppi_c + prbatp_c	0.02396260030508357
R940_num1	R940_num1: h2o_c + prbatp_c --> h_c + ppi_c + prbamp_c	0.024182301256652022	R940_num1: h2o_c + prbatp_c --> h_c + ppi_c + prbamp_c	0.02396260030508357
R941_num1	R941_num1: h2o_c + prbamp_c --> prfp_c	0.024182301256652022	R941_num1: h2o_c + prbamp_c --> prfp_c	0.02396260030508357
R942	R942: prfp_c --> prlp_c	0.024182301256652022	R942: prfp_c --> prlp_c	0.02396260030508357
R943	R943: gln__L_c + prlp_c --> aicar_c + eig3p_c + glu__L_c + h_c	0.02418230125665203	R943: gln__L_c + prlp_c --> aicar_c + eig3p_c + glu__L_c + h_c	0.02396260030508357
R944	R944: eig3p_c --> h2o_c + imacp_c	0.02418230125665203	R944: eig3p_c --> h2o_c + imacp_c	0.023962600305083577
R946	R946: h2o_c + hisp_c --> histd_c + pi_c	0.02418230125665203	R946: h2o_c + hisp_c --> histd_c + pi_c	0.023962600305083577
R947_num1	R947_num1: h2o_c + histd_c + 2.0 nad_c --> 3.0 h_c + his__L_c + 2.0 nadh_c	0.024182301256652026	R947_num1: h2o_c + histd_c + 2.0 nad_c --> 3.0 h_c + his__L_c + 2.0 nadh_c	0.02396260030508357
R977	R977: CDPDG_c + inost_c --> cmp_c + pailho_c	0.00045797204388039374	R977: CDPDG_c + inost_c --> cmp_c + pailho_c	0.0004538112780060296
R989	R989: 2ahbut_m + h_m + nadph_m --> 23dhmp_m + nadp_m	0.06607419541729241	R989: 2ahbut_m + h_m + nadph_m --> 23dhmp_m + nadp_m	0.06547389838793895
R993	R993: P_BENZOQUINONE_c + lac__L_c --> hqn_c + pyr_c	1.7619883457519763	R993: P_BENZOQUINONE_c + lac__L_c --> hqn_c + pyr_c	1.5954381003405618
R1001	R1001: 2obut_m + coa_m + nad_m --> co2_m + nadh_m + ppcoa_m	0.0001590906286477026	R1001: 2obut_m + coa_m + nad_m --> co2_m + nadh_m + ppcoa_m	0.00015764525907230252
R1004_num1	R1004_num1: b124tc_m + h2o_m --> hicit_m	0.10635612658666112	R1004_num1: b124tc_m + h2o_m --> hicit_m	0.1053898603091787
R1005	R1005: hicit_m + nad_m --> h_m + nadh_m + oxag_m	0.10635612658666112	R1005: hicit_m + nad_m --> h_m + nadh_m + oxag_m	0.1053898603091787
R1006	R1006: h_m + oxag_m --> 2oxoadp_m + co2_m	0.10635612658666113	R1006: h_m + oxag_m --> 2oxoadp_m + co2_m	0.10538986030917871
R1013	R1013: L2aadp6sa_m + glu__L_m + h_m + nadph_m --> h2o_m + nadp_m + saccrp__L_m	0.10635612658666112	R1013: L2aadp6sa_m + glu__L_m + h_m + nadph_m --> h2o_m + nadp_m + saccrp__L_m	0.10538986030917868
R1014_num1	R1014_num1: h2o_m + nad_m + saccrp__L_m --> akg_m + h_m + lys__L_m + nadh_m	0.10635612658666112	R1014_num1: h2o_m + nad_m + saccrp__L_m --> akg_m + h_m + lys__L_m + nadh_m	0.10538986030917868
R1015	R1015: accoa_m + akg_m + h2o_m --> HCIT_m + coa_m + h_m	0.10635612658666113	R1015: accoa_m + akg_m + h2o_m --> HCIT_m + coa_m + h_m	0.1053898603091787
R1016	R1016: L2aadp_m + 2.0 h_m + nadh_m --> L2aadp6sa_m + h2o_m + nad_m	0.10635612658666112	R1016: L2aadp_m + 2.0 h_m + nadh_m --> L2aadp6sa_m + h2o_m + nad_m	0.10538986030917868
R1033_num1	R1033_num1: cit_m --> icit_m	0.7439517414032384	R1033_num1: cit_m --> icit_m	0.7371927938666601
R1036	R1036: atp_c + f6p_c --> adp_c + fdp_B_c + h_c	12.280491429195594	R1036: atp_c + f6p_c --> adp_c + fdp_B_c + h_c	12.22762040764751
R1044_num1	R1044_num1: fdp_B_c --> dhap_c + g3p_c	12.280491429195594	R1044_num1: fdp_B_c --> dhap_c + g3p_c	12.227620407647512
R1106	R1106: mlthf_c + nad_c --> methf_c + nadh_c	0.0676974323891398	R1106: mlthf_c + nad_c --> methf_c + nadh_c	0.06708238793342197
R1107_num1	R1107_num1: h_c + mlthf_c + nadph_c --> 5mthf_c + nadp_c	0.023660213258053918	R1107_num1: h_c + mlthf_c + nadph_c --> 5mthf_c + nadp_c	0.023445255578388214
R1114_num1	R1114_num1: h2o_c + methf_c --> 10fthf_c + h_c	0.0676974323891398	R1114_num1: h2o_c + methf_c --> 10fthf_c + h_c	0.06708238793342197
R1122_num1	R1122_num1: h2o_c + ppi_c --> h_c + 2.0 pi_c	2.422863632010467	R1122_num1: h2o_c + ppi_c --> h_c + 2.0 pi_c	2.4008514405393697
R1171	R1171: C170ACP_c + h_c + nadh_c + o2_c --> C171ACP_c + 2.0 h2o_c + nad_c	0.00015909062864770258	R1171: C170ACP_c + h_c + nadh_c + o2_c --> C171ACP_c + 2.0 h2o_c + nad_c	0.0001576452590723025
R1188	R1188: glu__L_c + phpyr_c --> akg_c + phe__L_c	0.056907263283316974	R1188: glu__L_c + phpyr_c --> akg_c + phe__L_c	0.05639024963098469
R1201	R1201: 3psme_c --> chor_c + pi_c	0.08588659712620703	R1201: 3psme_c --> chor_c + pi_c	0.08510630054006582
R1202	R1202: chor_c --> pphn_c	0.0646285143639056	R1202: chor_c --> pphn_c	0.0640413516305698
R1203	R1203: nadp_c + pphn_c --> 34hpp_c + co2_c + nadph_c	0.007721251080588622	R1203: nadp_c + pphn_c --> 34hpp_c + co2_c + nadph_c	0.007651101999585108
R1205	R1205: anth_c + prpp_c --> ppi_c + pran_c	0.021258082762301435	R1205: anth_c + prpp_c --> ppi_c + pran_c	0.02106494890949602
R1206	R1206: pran_c --> 2cpr5p_c	0.021258082762301435	R1206: pran_c --> 2cpr5p_c	0.02106494890949602
R1207	R1207: 2cpr5p_c + h_c --> 3ig3p_c + co2_c + h2o_c	0.021258082762301435	R1207: 2cpr5p_c + h_c --> 3ig3p_c + co2_c + h2o_c	0.02106494890949602
R1269	R1269: atp_c + gly_c + pram_c --> adp_c + gar_c + h_c + pi_c	0.02175756556624388	R1269: atp_c + gly_c + pram_c --> adp_c + gar_c + h_c + pi_c	0.021559893814169194
R1270	R1270: atp_c + fgam_c + gln__L_c + h2o_c --> FGAM_c + adp_c + glu__L_c + h_c + pi_c	0.021757565566243878	R1270: atp_c + fgam_c + gln__L_c + h2o_c --> FGAM_c + adp_c + glu__L_c + h_c + pi_c	0.021559893814169197
R1271	R1271: FGAM_c + atp_c --> AIR_c + adp_c + h_c + pi_c	0.021757565566243878	R1271: FGAM_c + atp_c --> AIR_c + adp_c + h_c + pi_c	0.021559893814169197
R1272	R1272: AIR_c + co2_c --> 5aizc_c + 2.0 h_c	0.021757565566243878	R1272: AIR_c + co2_c --> 5aizc_c + 2.0 h_c	0.021559893814169194
R1273	R1273: 5aizc_c + asp__L_c + atp_c --> 25aics_c + adp_c + h_c + pi_c	0.021757565566243878	R1273: 5aizc_c + asp__L_c + atp_c --> 25aics_c + adp_c + h_c + pi_c	0.021559893814169194
R1274	R1274: 25aics_c --> aicar_c + fum_c	0.021757565566243878	R1274: 25aics_c --> aicar_c + fum_c	0.021559893814169194
R1275	R1275: fprica_c --> h2o_c + imp_c	0.045939866822895914	R1275: fprica_c --> h2o_c + imp_c	0.04552249411925277
R1278	R1278: adp_c + trdrd_c --> dadp_c + h2o_c + trdox_c	0.006144144476893924	R1278: adp_c + trdrd_c --> dadp_c + h2o_c + trdox_c	0.006088323718818788
R1280_num1	R1280_num1: h2o_c + imp_c + nad_c --> h_c + nadh_c + xmp_c	0.012406571949064953	R1280_num1: h2o_c + imp_c + nad_c --> h_c + nadh_c + xmp_c	0.012293855808695051
R1282	R1282: atp_c + gmp_c --> adp_c + gdp_c	0.006512136017756022	R1282: atp_c + gmp_c --> adp_c + gdp_c	0.006452971984330932
R1284	R1284: gdp_c + trdrd_c --> dgdp_c + h2o_c + trdox_c	0.006512136017756021	R1284: gdp_c + trdrd_c --> dgdp_c + h2o_c + trdox_c	0.006452971984330929
R1285	R1285: adp_c + dgdp_c --> atp_c + dgmp_c	0.0065121360177560214	R1285: adp_c + dgdp_c --> atp_c + dgmp_c	0.006452971984330929
R1312	R1312: amp_c + utp_c --> adp_c + udp_c	1.820673074755209	R1312: amp_c + utp_c --> adp_c + udp_c	1.804131902648665
R1313	R1313: amp_c + ctp_c --> adp_c + cdp_c	0.0018152956997952061	R1313: amp_c + ctp_c --> adp_c + cdp_c	0.0017988033821952228
R1321	R1321: adn_c + atp_c --> adp_c + amp_c + h_c	0.020637425600972426	R1321: adn_c + atp_c --> adp_c + amp_c + h_c	0.020449930540252768
R1338_num1	R1338_num1: adp_c + atp_c + h_c --> ap4a_c + pi_c	0.00476417619866109	R1338_num1: adp_c + atp_c + h_c --> ap4a_c + pi_c	0.004720892723148263
R1345	R1345: atp_c + nh4_c + xmp_c --> amp_c + gmp_c + 2.0 h_c + ppi_c	0.012406571949064953	R1345: atp_c + nh4_c + xmp_c --> amp_c + gmp_c + 2.0 h_c + ppi_c	0.012293855808695053
R1357_num1	R1357_num1: gdp_c + h_c + pep_c --> gtp_c + pyr_c	0.046225707537899306	R1357_num1: gdp_c + h_c + pep_c --> gtp_c + pyr_c	0.04580573791527741
R1360_num1	R1360_num1: dadp_c + h_c + pep_c --> datp_c + pyr_c	0.012288288953787849	R1360_num1: dadp_c + h_c + pep_c --> datp_c + pyr_c	0.012176647437637574
R1367	R1367: asp__L_c + gtp_c + imp_c --> dcamp_c + gdp_c + 2.0 h_c + pi_c	0.03353329487383096	R1367: asp__L_c + gtp_c + imp_c --> dcamp_c + gdp_c + 2.0 h_c + pi_c	0.03322863831055772
R1368	R1368: dcamp_c --> amp_c + fum_c	0.03353329487383096	R1368: dcamp_c --> amp_c + fum_c	0.03322863831055772
R1370	R1370: 10fthf_c + gar_c --> fgam_c + h_c + thf_c	0.021757565566243878	R1370: 10fthf_c + gar_c --> fgam_c + h_c + thf_c	0.021559893814169194
R1371	R1371: 10fthf_c + aicar_c --> fprica_c + thf_c	0.045939866822895914	R1371: 10fthf_c + aicar_c --> fprica_c + thf_c	0.04552249411925277
R1372_num1	R1372_num1: aps_c + atp_c --> adp_c + h_c + paps_c	0.00476417619866109	R1372_num1: aps_c + atp_c --> adp_c + h_c + paps_c	0.004720892723148263
R1375	R1375: orot_c + prpp_c --> orot5p_c + ppi_c	0.021985851747131222	R1375: orot_c + prpp_c --> orot5p_c + ppi_c	0.021786105970307564
R1376	R1376: h_c + orot5p_c --> co2_c + ump_c	0.021985851747131222	R1376: h_c + orot5p_c --> co2_c + ump_c	0.021786105970307567
R1377	R1377: atp_c + ump_c --> adp_c + udp_c	0.018141325836749628	R1377: atp_c + ump_c --> adp_c + udp_c	0.01797650833213117
R1380	R1380: atp_c + nh4_c + utp_c --> adp_c + ctp_c + 2.0 h_c + pi_c	0.01199718135985587	R1380: atp_c + nh4_c + utp_c --> adp_c + ctp_c + 2.0 h_c + pi_c	0.01188818461331279
R1383	R1383: cdp_c + trdrd_c --> dcdp_c + h2o_c + trdox_c	0.006512136017756022	R1383: cdp_c + trdrd_c --> dcdp_c + h2o_c + trdox_c	0.006452971984330929
R1384	R1384: trdrd_c + udp_c --> dudp_c + h2o_c + trdox_c	0.006144144476893924	R1384: trdrd_c + udp_c --> dudp_c + h2o_c + trdox_c	0.006088323718818787
R1411	R1411: dctp_c + h2o_c --> dcmp_c + h_c + ppi_c	0.006512136017756021	R1411: dctp_c + h2o_c --> dcmp_c + h_c + ppi_c	0.006452971984330929
R1414	R1414: dutp_c + h2o_c --> dump_c + h_c + ppi_c	0.006144144476893925	R1414: dutp_c + h2o_c --> dump_c + h_c + ppi_c	0.006088323718818787
R1420	R1420: datp_c + uri_c --> dadp_c + h_c + ump_c	0.006144144476893925	R1420: datp_c + uri_c --> dadp_c + h_c + ump_c	0.006088323718818787
R1440	R1440: dhor__S_c + fum_c --> orot_c + succ_c	0.021985851747131222	R1440: dhor__S_c + fum_c --> orot_c + succ_c	0.021786105970307564
R1444	R1444: dump_c + mlthf_c --> dhf_c + dtmp_c	0.006144144476893924	R1444: dump_c + mlthf_c --> dhf_c + dtmp_c	0.006088323718818788
R1455_num1	R1455_num1: ac_c + atp_c + coa_c --> accoa_c + amp_c + ppi_c	0.003022787657081505	R1455_num1: ac_c + atp_c + coa_c --> accoa_c + amp_c + ppi_c	0.00299532503813545
R1461	R1461: dhf_c + h_c + nadph_c --> nadp_c + thf_c	0.006144144476893924	R1461: dhf_c + h_c + nadph_c --> nadp_c + thf_c	0.006088323718818788
R1505	R1505: h_c + nadph_c + trdox_c --> nadp_c + trdrd_c	0.030076737187960986	R1505: h_c + nadph_c + trdox_c --> nadp_c + trdrd_c	0.029803484129447694
R1518	R1518: h_c + pmtcoa_c + ser__L_c --> 3dsphgn_c + co2_c + coa_c	0.00018850695244536635	R1518: h_c + pmtcoa_c + ser__L_c --> 3dsphgn_c + co2_c + coa_c	0.00018679432979667928
R1520	R1520: h_c + nadph_c + o2_c + sphgn_c --> h2o_c + nadp_c + psphings_c	4.9054586652420485e-05	R1520: h_c + nadph_c + o2_c + sphgn_c --> h2o_c + nadp_c + psphings_c	4.86089161080024e-05
R1521	R1521: ser__L_c + stcoa_c --> C20DHSPH_c + co2_c + coa_c	0.0001157300539623715	R1521: ser__L_c + stcoa_c --> C20DHSPH_c + co2_c + coa_c	0.00011467862371548348
R1523	R1523: C20SPH_c + h_c + nadph_c + o2_c --> C20PSPH_c + h2o_c + nadp_c	4.905458665242047e-05	R1523: C20SPH_c + h_c + nadph_c + o2_c --> C20PSPH_c + h2o_c + nadp_c	4.8608916108002385e-05
R1524	R1524: C171COA_c + 4.0 h_c + ser__L_c --> C191DHSPH_c + co2_c + coa_c	0.00015909062864770258	R1524: C171COA_c + 4.0 h_c + ser__L_c --> C191DHSPH_c + co2_c + coa_c	0.00015764525907230252
R1526_num1	R1526_num1: psphings_c + stcoa_c --> CERB1A_c + coa_c	2.4527293326210242e-05	R1526_num1: psphings_c + stcoa_c --> CERB1A_c + coa_c	2.4304458054001192e-05
R1527_num1	R1527_num1: ocdce9coa_c + psphings_c --> CERB1B_c + coa_c	2.452729332621024e-05	R1527_num1: ocdce9coa_c + psphings_c --> CERB1B_c + coa_c	2.4304458054001192e-05
R1528_num1	R1528_num1: C20PSPH_c + stcoa_c --> CERB1C_c + coa_c + 3.0 h_c	2.4527293326210236e-05	R1528_num1: C20PSPH_c + stcoa_c --> CERB1C_c + coa_c + 3.0 h_c	2.4304458054001192e-05
R1529_num1	R1529_num1: C20PSPH_c + ocdce9coa_c --> CERB1D_c + coa_c + 3.0 h_c	2.4527293326210236e-05	R1529_num1: C20PSPH_c + ocdce9coa_c --> CERB1D_c + coa_c + 3.0 h_c	2.4304458054001192e-05
R1530_num1	R1530_num1: sphgn_c + stcoa_c --> CERB2A_c + coa_c	6.972618289647297e-05	R1530_num1: sphgn_c + stcoa_c --> CERB2A_c + coa_c	6.909270684433845e-05
R1531_num1	R1531_num1: ocdce9coa_c + sphgn_c --> CERB2B_c + coa_c	6.972618289647295e-05	R1531_num1: ocdce9coa_c + sphgn_c --> CERB2B_c + coa_c	6.909270684433845e-05
R1532_num1	R1532_num1: C20SPH_c + stcoa_c --> CERB2C_c + coa_c + 3.0 h_c	3.3337733654975505e-05	R1532_num1: C20SPH_c + stcoa_c --> CERB2C_c + coa_c + 3.0 h_c	3.303485380374054e-05
R1533_num1	R1533_num1: C20SPH_c + ocdce9coa_c --> CERB2D_c + coa_c + 3.0 h_c	3.3337733654975505e-05	R1533_num1: C20SPH_c + ocdce9coa_c --> CERB2D_c + coa_c + 3.0 h_c	3.303485380374054e-05
R1534	R1534: CERB2A_c + udpgal_c --> GALCERA_c + udp_c	3.638844924149744e-05	R1534: CERB2A_c + udpgal_c --> GALCERA_c + udp_c	3.605785304059791e-05
R1535	R1535: CERB2B_c + udpgal_c --> GALCERB_c + udp_c	3.638844924149744e-05	R1535: CERB2B_c + udpgal_c --> GALCERB_c + udp_c	3.605785304059791e-05
R1536_num1	R1536_num1: C191SPH_c + stcoa_c --> CEREB1_c + coa_c + h_c	7.944674516112037e-05	R1536_num1: C191SPH_c + stcoa_c --> CEREB1_c + coa_c + h_c	7.872495589360335e-05
R1537	R1537: CEREB1_c + udpg_c --> GLUCER1_c + udp_c	7.944674516112036e-05	R1537: CEREB1_c + udpg_c --> GLUCER1_c + udp_c	7.872495589360335e-05
R1538_num1	R1538_num1: C191SPH_c + ocdce9coa_c --> CEREB2_c + coa_c + h_c	7.964388348658222e-05	R1538_num1: C191SPH_c + ocdce9coa_c --> CEREB2_c + coa_c + h_c	7.892030317869914e-05
R1539	R1539: CEREB2_c + udpg_c --> glusideho_c + udp_c	7.964388348658219e-05	R1539: CEREB2_c + udpg_c --> glusideho_c + udp_c	7.892030317869914e-05
R1543	R1543: val__L_m --> val__L_c	0.0703455258022989	R1543: val__L_m --> val__L_c	0.06970642289834772
R1566	R1566: g6p_c --> f6p_c	5.625543598879928	R1566: g6p_c --> f6p_c	5.603784257813534
R1568	R1568: g6p_c + udpg_c --> h_c + tre6p_c + udp_c	0.07458399979972838	R1568: g6p_c + udpg_c --> h_c + tre6p_c + udp_c	0.07390638952790718
R1569	R1569: h2o_c + tre6p_c --> pi_c + tre_c	0.07458399979972838	R1569: h2o_c + tre6p_c --> pi_c + tre_c	0.0739063895279072
R1583	R1583: udpg_c --> 13GLUCAN_c + udp_c	0.20771808226162242	R1583: udpg_c --> 13GLUCAN_c + udp_c	0.20583092272926404
R1584	R1584: udpg_c --> 14GLUCAN_c + udp_c	0.02963974723318721	R1584: udpg_c --> 14GLUCAN_c + udp_c	0.029370464314152016
R1603	R1603: Ssq23epx_c --> lanost_c	0.011493164374425104	R1603: Ssq23epx_c --> lanost_c	0.011388746721084551
R1604	R1604: 2.0 h_c + lanost_c + 3.0 nadph_c + 3.0 o2_c --> DCTOL_c + for_c + 4.0 h2o_c + 3.0 nadp_c	0.011493164374425104	R1604: 2.0 h_c + lanost_c + 3.0 nadph_c + 3.0 o2_c --> DCTOL_c + for_c + 4.0 h2o_c + 3.0 nadp_c	0.011388746721084551
R1605	R1605: DCTOL_c + h_c + nadph_c --> DCDOL_c + nadp_c	0.011493164374425104	R1605: DCTOL_c + h_c + nadph_c --> DCDOL_c + nadp_c	0.011388746721084551
R1606	R1606: DCDOL_c + 2.0 h_c + 3.0 nadph_c + 3.0 o2_c --> DCDA_c + 4.0 h2o_c + 3.0 nadp_c	0.011493164374425104	R1606: DCDOL_c + 2.0 h_c + 3.0 nadph_c + 3.0 o2_c --> DCDA_c + 4.0 h2o_c + 3.0 nadp_c	0.011388746721084551
R1607	R1607: DCDA_c + nadp_c --> CDOL_c + co2_c + nadph_c	0.011493164374425106	R1607: DCDA_c + nadp_c --> CDOL_c + co2_c + nadph_c	0.011388746721084553
R1608	R1608: amet_c + zymst_c --> ahcys_c + fecost_c + h_c	0.011493164374425104	R1608: amet_c + zymst_c --> ahcys_c + fecost_c + h_c	0.011388746721084553
R1609	R1609: fecost_c --> epist_c	0.011493164374425104	R1609: fecost_c --> epist_c	0.011388746721084553
R1610	R1610: epist_c --> DEHYD_c + 2.0 h_c	0.011493164374425104	R1610: epist_c --> DEHYD_c + 2.0 h_c	0.011388746721084553
R1611	R1611: DEHYD_c + nadph_c --> ergtetrol_c + 3.0 h_c + nadp_c	0.011493164374425106	R1611: DEHYD_c + nadph_c --> ergtetrol_c + 3.0 h_c + nadp_c	0.011388746721084555
R1632	R1632: 2.0 frdp_c + h_c + nadph_c --> nadp_c + 2.0 ppi_c + sql_c	0.011493164374425104	R1632: 2.0 frdp_c + h_c + nadph_c --> nadp_c + 2.0 ppi_c + sql_c	0.011388746721084553
R1658	R1658: g6p_c --> mi3p__D_c	0.017960569706133835	R1658: g6p_c --> mi3p__D_c	0.017797394406427247
R1664	R1664: 5.0 h_c + 3.0 nadph_c + so3_c --> 3.0 h2o_c + h2s_c + 3.0 nadp_c	0.0047641761986610895	R1664: 5.0 h_c + 3.0 nadph_c + so3_c --> 3.0 h2o_c + h2s_c + 3.0 nadp_c	0.004720892723148262
R1665	R1665: paps_c + trdrd_c --> 2.0 h_c + pap_c + so3_c + trdox_c	0.0047641761986610895	R1665: paps_c + trdrd_c --> 2.0 h_c + pap_c + so3_c + trdox_c	0.004720892723148263
R1680	R1680: aacoa_c + accoa_c + h2o_c --> H3MCOA_c + coa_c + h_c	0.06895898624655061	R1680: aacoa_c + accoa_c + h2o_c --> H3MCOA_c + coa_c + h_c	0.06833248032650734
R1690_num1	R1690_num1: H3MCOA_c + 2.0 h_c + 2.0 nadph_c --> coa_c + mev__R_c + 2.0 nadp_c	0.06895898624655063	R1690_num1: H3MCOA_c + 2.0 h_c + 2.0 nadph_c --> coa_c + mev__R_c + 2.0 nadp_c	0.06833248032650732
R1692	R1692: 5pmev_c + atp_c --> 5dpmev_c + adp_c	0.06895898624655063	R1692: 5pmev_c + atp_c --> 5dpmev_c + adp_c	0.06833248032650734
R1693	R1693: 5dpmev_c + atp_c --> adp_c + co2_c + ipdp_c + pi_c	0.06895898624655063	R1693: 5dpmev_c + atp_c --> adp_c + co2_c + ipdp_c + pi_c	0.06833248032650734
R1694	R1694: ipdp_c --> dmpp_c	0.02298632874885021	R1694: ipdp_c --> dmpp_c	0.02277749344216911
R1710	R1710: h2o_c + mnl1p_c --> mnl_c + pi_c	0.0164610501760634	R1710: h2o_c + mnl1p_c --> mnl_c + pi_c	0.016311498305498464
R1818	R1818: 34hpp_c + glu__L_c --> akg_c + tyr__L_c	0.007721251080588622	R1818: 34hpp_c + glu__L_c --> akg_c + tyr__L_c	0.007651101999585109
R1822	R1822: ACLAC_m + h_m + nadph_m --> 23dhmb_m + nadp_m	0.20137679945926662	R1822: ACLAC_m + h_m + nadph_m --> 23dhmb_m + nadp_m	0.1995472517253494
R1823_num1	R1823_num1: 3c3hmp_m --> 2ippm_m + h2o_m	0.13103127365696773	R1823_num1: 3c3hmp_m --> 2ippm_m + h2o_m	0.1298408288270017
R1824_num1	R1824_num1: 2ippm_m + h2o_m --> 3c2hmp_m	0.1310312736569677	R1824_num1: 2ippm_m + h2o_m --> 3c2hmp_m	0.1298408288270017
R1825	R1825: 3c2hmp_m + nad_m --> 3c4mop_m + h_m + nadh_m	0.13103127365696773	R1825: 3c2hmp_m + nad_m --> 3c4mop_m + h_m + nadh_m	0.1298408288270017
R1830_num1	R1830_num1: h_m + 2.0 pyr_m --> ACLAC_m + co2_m	0.20137679945926662	R1830_num1: h_m + 2.0 pyr_m --> ACLAC_m + co2_m	0.1995472517253494
R1831_num1	R1831_num1: 2obut_m + h_m + pyr_m --> 2ahbut_m + co2_m	0.06607419541729243	R1831_num1: 2obut_m + h_m + pyr_m --> 2ahbut_m + co2_m	0.06547389838793896
R1836	R1836: 3mob_m + accoa_m + h2o_m --> 3c3hmp_m + coa_m + h_m	0.1310312736569677	R1836: 3mob_m + accoa_m + h2o_m --> 3c3hmp_m + coa_m + h_m	0.1298408288270017
R1864	R1864: 4mop_c + glu__L_c --> akg_c + leu__L_c	0.13103127365696773	R1864: 4mop_c + glu__L_c --> akg_c + leu__L_c	0.1298408288270017
R1865_num1	R1865_num1: 3mop_m + glu__L_m --> akg_m + ile__L_m	0.06607419541729241	R1865_num1: 3mop_m + glu__L_m --> akg_m + ile__L_m	0.06547389838793893
R1868_num1	R1868_num1: 3mob_m + glu__L_m --> akg_m + val__L_m	0.07034552580229889	R1868_num1: 3mob_m + glu__L_m --> akg_m + val__L_m	0.06970642289834772
R1869	R1869: udpg_c --> PSNIG_c + udp_c	0.025677266891404284	R1869: udpg_c --> PSNIG_c + udp_c	0.02544398388372664
R1870	R1870: udpg_c --> NIG_c + udp_c	0.01935241228283701	R1870: udpg_c --> NIG_c + udp_c	0.01917659182023671
R1871	R1871: DMIPC_c + udpgal_c --> GDMIPC_c + h_c + udp_c	3.2481824758595366e-05	R1871: DMIPC_c + udpgal_c --> GDMIPC_c + h_c + udp_c	3.218672100761633e-05
R1872	R1872: GDMIPC_c + udpgal_c --> DGDMIPC_c + h_c + udp_c	3.2481824758595366e-05	R1872: GDMIPC_c + udpgal_c --> DGDMIPC_c + h_c + udp_c	3.218672100761633e-05
R1873	R1873: DGDMIPC_c + udpgal_c --> TGDMIPC_c + h_c + udp_c	3.2481824758595366e-05	R1873: DGDMIPC_c + udpgal_c --> TGDMIPC_c + h_c + udp_c	3.218672100761633e-05
R1960	R1960: 0.181 udpacgal_c + 0.065 udpg_c + 0.754 udpgal_c --> GAG_c + udp_c	0.0032764389691757327	R1960: 0.181 udpacgal_c + 0.065 udpg_c + 0.754 udpgal_c --> GAG_c + udp_c	0.003246671878292029
R1961	R1961: 0.435 gdpmann_c + 0.1 udpg_c + 0.332 udpgal_c + 0.133 udpgalfur_c --> GGM_c + 0.435 gdp_c + 0.565 udp_c	0.029028618424255515	R1961: 0.435 gdpmann_c + 0.1 udpg_c + 0.332 udpgal_c + 0.133 udpgalfur_c --> GGM_c + 0.435 gdp_c + 0.565 udp_c	0.02876488773035507
R1962	R1962: 0.5 o2_m + qh2_m --> h2o_m + q_m	2.4373477453376373	R1962: 0.5 o2_m + qh2_m --> h2o_m + q_m	2.3639628714550502
R1967	R1967: IPC_c + gdpmann_c --> MIPC_c + gdp_c	3.2481824758595366e-05	R1967: IPC_c + gdpmann_c --> MIPC_c + gdp_c	3.218672100761633e-05
R1968	R1968: h_c + nadph_c + o2_c + sql_c --> Ssq23epx_c + h2o_c + nadp_c	0.011493164374425104	R1968: h_c + nadph_c + o2_c + sql_c --> Ssq23epx_c + h2o_c + nadp_c	0.011388746721084555
R1970	R1970: CDOL_c + h_c + nadph_c --> 4mzym_c + nadp_c	0.011493164374425104	R1970: CDOL_c + h_c + nadph_c --> 4mzym_c + nadp_c	0.011388746721084553
R1971	R1971: 4mzym_c + o2_c --> co2_c + 2.0 h_c + zymst_c	0.011493164374425104	R1971: 4mzym_c + o2_c --> co2_c + 2.0 h_c + zymst_c	0.011388746721084553
R1974	R1974: 0.0097602 amp_c + 0.13641 atp_c + 0.016694 cmp_c + 0.01794 gmp_c + 0.080349 h2o_c + 0.011701 ump_c --> RNA_c + 0.13641 adp_c + 0.13641 pi_c	0.32856387576972856	R1974: 0.0097602 amp_c + 0.13641 atp_c + 0.016694 cmp_c + 0.01794 gmp_c + 0.080349 h2o_c + 0.011701 ump_c --> RNA_c + 0.13641 adp_c + 0.13641 pi_c	0.32557880849298326
R1975_num1	R1975_num1: atp_c + h2o_c --> adp_c + h_c + pi_c	2.8	R1975_num1: atp_c + h2o_c --> adp_c + h_c + pi_c	2.8
R2042	R2042: datp_c + h2o_c --> damp_c + h_c + ppi_c	0.006144144476893925	R2042: datp_c + h2o_c --> damp_c + h_c + ppi_c	0.006088323718818787
R2157	R2157: 4.0 He_m + h_m + nadh_m + q_m --> 4.0 He_i + nad_m + qh2_m	2.233714369179582	R2157: 4.0 He_m + h_m + nadh_m + q_m --> 4.0 He_i + nad_m + qh2_m	2.3639628714550502
R2160	R2160: 4.5454 He_i + adp_m + h_m + pi_m --> 4.5454 He_m + atp_m + h2o_m	1.9656922331848303	R2160: 4.5454 He_i + adp_m + h_m + pi_m --> 4.5454 He_m + atp_m + h2o_m	2.0803122906279317
R2165	R2165: adp_c + atp_m --> adp_m + atp_c	0.4961891132649611	R2165: adp_c + atp_m --> adp_m + atp_c	0.3703705557833108
R2166	R2166: 0.25 CLCDPDG_c + 0.25 PCCDPDG_c + 0.25 PECDPDG_c + 0.25 PSCDPDG_c --> CDPDG_c	0.00045797204388039374	R2166: 0.25 CLCDPDG_c + 0.25 PCCDPDG_c + 0.25 PECDPDG_c + 0.25 PSCDPDG_c --> CDPDG_c	0.0004538112780060296
R2203	R2203: o2_e --> o2_c	2.2338109191070155	R2203: o2_e --> o2_c	2.1126246451344026
R2237_num1	R2237_num1: h_e + pi_e --> h_c + pi_c	0.05963574313432	R2237_num1: h_e + pi_e --> h_c + pi_c	0.05909394070720869
R2238	R2238: nh4_e --> nh4_c	2.4574849963867784	R2238: nh4_e --> nh4_c	2.4351582630275077
R2241	R2241: so4_e --> so4_c	0.00476417619866109	R2241: so4_e --> so4_c	0.0047208927231482635
R2256	R2256: arab__D_e --> arab__D_c	0.010109910457434548	R2256: arab__D_e --> arab__D_c	0.010018059937329097
R2299	R2299: h_e --> h_c	17.827810452834697	R2299: h_e --> h_c	17.464057970010067
R2308	R2308: pyr_c --> pyr_m	2.844086626930932	R2308: pyr_c --> pyr_m	3.020030868887628
R2316	R2316: fum_c --> fum_m	0.3259134824094418	R2316: fum_c --> fum_m	0.12116916749431919
R2321	R2321: ile__L_m --> ile__L_c	0.06607419541729243	R2321: ile__L_m --> ile__L_c	0.06547389838793895
R2322	R2322: h_c + orn_m --> h_m + orn__L_c	0.07632538834130793	R2322: h_c + orn_m --> h_m + orn__L_c	0.07563195721292001
R2325	R2325: glu__L_c + h_c --> glu__L_m + h_m	0.6797329461924144	R2325: glu__L_c + h_c --> glu__L_m + h_m	0.6735574390102839
R2329	R2329: o2_c --> o2_m	1.2186738726688187	R2329: o2_c --> o2_m	1.1819814357275251
R2331	R2331: nh4_c --> nh4_m	0.04472766325963356	R2331: nh4_c --> nh4_m	0.04432130366319614
R2334	R2334: coa_c --> coa_m	0.00015909062864747186	R2334: coa_c --> coa_m	0.00015764525907248128
R2387	R2387: dcdp_c --> dcdp_m	0.006512136017756022	R2387: dcdp_c --> dcdp_m	0.006452971984330929
R2391	R2391: h2o_e --> 	2.16425726390094	R2391: h2o_e --> 	2.1152447357429303
R2392	R2392: co2_e --> 	23.899015712546028	R2392: co2_e --> 	23.395721116885966
R2422	R2422: etoh_e --> 	21.149630835481677	R2422: etoh_e --> 	20.873098267850718
Biomass	Biomass: BIOMASS_c --> 	0.32856387576972856	Biomass: BIOMASS_c --> 	0.32557880849298326
R2531	R2531: 0.25 CERB1A_c + 0.25 CERB1B_c + 0.25 CERB1C_c + 0.25 CERB1D_c --> CERB1_c	9.810917330484094e-05	R2531: 0.25 CERB1A_c + 0.25 CERB1B_c + 0.25 CERB1C_c + 0.25 CERB1D_c --> CERB1_c	9.721783221600478e-05
R2532	R2532: 0.25 CERB2A_c + 0.25 CERB2B_c + 0.25 CERB2C_c + 0.25 CERB2D_c --> CERB2_c	0.00013335093461990205	R2532: 0.25 CERB2A_c + 0.25 CERB2B_c + 0.25 CERB2C_c + 0.25 CERB2D_c --> CERB2_c	0.00013213941521496216
R2533	R2533: 0.5 GALCERA_c + 0.5 GALCERB_c --> GALCER_c	7.277689848299488e-05	R2533: 0.5 GALCERA_c + 0.5 GALCERB_c --> GALCER_c	7.21157060811958e-05
R2534	R2534: 0.4157 TRNAALA_c + 0.2708 TRNAARG_c + 0.2144 TRNAASN_c + 0.2144 TRNAASP_c + 0.0053 TRNACYS_c + 0.4423 TRNAGLN_c + 0.4423 TRNAGLU_c + 0.3187 TRNAGLY_c + 0.0736 TRNAHIS_c + 0.2011 TRNAILE_c + 0.3988 TRNALEU_c + 0.3237 TRNALYS_c + 0.0092 TRNAMET_c + 0.1732 TRNAPHE_c + 0.2323 TRNAPRO_c + 0.271 TRNASER_c + 0.2631 TRNATHR_c + 0.0647 TRNATRP_c + 0.0235 TRNATYR_c + 0.2141 TRNAVAL_c --> PROTEIN_c + 4.5722 TRNA_c	0.32856387576972856	R2534: 0.4157 TRNAALA_c + 0.2708 TRNAARG_c + 0.2144 TRNAASN_c + 0.2144 TRNAASP_c + 0.0053 TRNACYS_c + 0.4423 TRNAGLN_c + 0.4423 TRNAGLU_c + 0.3187 TRNAGLY_c + 0.0736 TRNAHIS_c + 0.2011 TRNAILE_c + 0.3988 TRNALEU_c + 0.3237 TRNALYS_c + 0.0092 TRNAMET_c + 0.1732 TRNAPHE_c + 0.2323 TRNAPRO_c + 0.271 TRNASER_c + 0.2631 TRNATHR_c + 0.0647 TRNATRP_c + 0.0235 TRNATYR_c + 0.2141 TRNAVAL_c --> PROTEIN_c + 4.5722 TRNA_c	0.32557880849298326
R2535	R2535: 0.6322 13GLUCAN_c + 0.09021 14GLUCAN_c + 0.009972 GAG_c + 0.08835 GGM_c + 0.0589 NIG_c + 0.07815 PSNIG_c + 0.3764 chtn_c --> CELLWALL_c	0.32856387576972856	R2535: 0.6322 13GLUCAN_c + 0.09021 14GLUCAN_c + 0.009972 GAG_c + 0.08835 GGM_c + 0.0589 NIG_c + 0.07815 PSNIG_c + 0.3764 chtn_c --> CELLWALL_c	0.32557880849298326
R2536	R2536: 0.0002986 CERB1_c + 0.000307 CERB2_c + 0.01738 CLPA_c + 0.0009668 DAGLY_c + 0.0002215 GALCER_c + 0.0002418 GLUCER1_c + 0.00249 LPE_c + 0.0008394 MAGLY_c + 0.008802 PE_c + 0.000945 PS_c + 9.886e-05 TGDMIPC_c + 0.0040406 clpnho_c + 0.03498 ergst_c + 0.0002424 glusideho_c + 0.0002932 hdca_c + 0.0003756 lnlc_c + 7.456e-05 ocdca_c + 0.0003216 ocdcea_c + 0.001295 pailho_c + 0.009277 pcholho_c + 0.00543 tagho_c --> LIPIDS_c	0.32856387576972856	R2536: 0.0002986 CERB1_c + 0.000307 CERB2_c + 0.01738 CLPA_c + 0.0009668 DAGLY_c + 0.0002215 GALCER_c + 0.0002418 GLUCER1_c + 0.00249 LPE_c + 0.0008394 MAGLY_c + 0.008802 PE_c + 0.000945 PS_c + 9.886e-05 TGDMIPC_c + 0.0040406 clpnho_c + 0.03498 ergst_c + 0.0002424 glusideho_c + 0.0002932 hdca_c + 0.0003756 lnlc_c + 7.456e-05 ocdca_c + 0.0003216 ocdcea_c + 0.001295 pailho_c + 0.009277 pcholho_c + 0.00543 tagho_c --> LIPIDS_c	0.32557880849298326
R2537	R2537: 0.03077 abt__D_c + 0.2209 glc__D_c + 0.05327 inost_c + 0.0501 mnl_c + 0.227 tre_c --> SMALLM_c	0.32856387576972856	R2537: 0.03077 abt__D_c + 0.2209 glc__D_c + 0.05327 inost_c + 0.0501 mnl_c + 0.227 tre_c --> SMALLM_c	0.32557880849298326
R2538	R2538: CELLWALL_c + DNA_c + LIPIDS_c + PROTEIN_c + RNA_c + SMALLM_c + 61.0 atp_c + 61.0 h2o_c --> BIOMASS_c + 61.0 adp_c + 61.0 pi_c	0.32856387576972856	R2538: CELLWALL_c + DNA_c + LIPIDS_c + PROTEIN_c + RNA_c + SMALLM_c + 61.0 atp_c + 61.0 h2o_c --> BIOMASS_c + 61.0 adp_c + 61.0 pi_c	0.32557880849298326
R2560	R2560: 3c4mop_m + h_m --> 4mop_c + co2_m	0.13103127365696773	R2560: 3c4mop_m + h_m --> 4mop_c + co2_m	0.1298408288270017
R2602	R2602: succ_x --> succ_c	0.18164752441092447	R2602: succ_x --> succ_c	0.17999722101176946
R2603	R2603: glx_x --> glx_c	0.18164752441092444	R2603: glx_x --> glx_c	0.1799972210117695
R2605	R2605: cellb_c + pi_c --> g1p_c + glc__D_c	6.6192075840346325	R2605: cellb_c + pi_c --> g1p_c + glc__D_c	6.588420610702771
R58_reverse	R58_reverse: ru5p__D_c --> R5P_c	0.2629960736813535	R58_reverse: ru5p__D_c --> R5P_c	0.2606067027512151
R586_reverse_num1	R586_reverse_num1: ACP_c + lnlccoa_c --> C182ACP_c + coa_c	0.00013200973687900998	R586_reverse_num1: ACP_c + lnlccoa_c --> C182ACP_c + coa_c	0.00013081040251869375
R753_reverse	R753_reverse: man6p_c --> man1p_c	0.012692412664068342	R753_reverse: man6p_c --> man1p_c	0.01257709960471969
R894_reverse	R894_reverse: cys__L_c + h2o_c --> h2s_c + ser__L_c	0.21533273407835088	R894_reverse: cys__L_c + h2o_c --> h2s_c + ser__L_c	0.21337639394022595
R1347_reverse_num1	R1347_reverse_num1: ap4a_c + so4_c --> aps_c + atp_c	0.00476417619866109	R1347_reverse_num1: ap4a_c + so4_c --> aps_c + atp_c	0.004720892723148263
R1373_reverse	R1373_reverse: cbasp_c + h_c --> dhor__S_c + h2o_c	0.02198585174713122	R1373_reverse: cbasp_c + h_c --> dhor__S_c + h2o_c	0.021786105970307564
R1382_reverse	R1382_reverse: atp_c + cmp_c --> adp_c + cdp_c	0.004696840317960815	R1382_reverse: atp_c + cmp_c --> adp_c + cdp_c	0.004654168602135707
R1426_reverse	R1426_reverse: dudp_c + h_c + ump_c --> dutp_c + uri_c	0.006144144476893925	R1426_reverse: dudp_c + h_c + ump_c --> dutp_c + uri_c	0.006088323718818787
R1541_reverse	R1541_reverse: thr__L_c --> thr__L_m	0.06623328604594012	R1541_reverse: thr__L_c --> thr__L_m	0.06563154364701125
R1597_reverse	R1597_reverse: g1p_c --> g6p_c	6.2428221896389875	R1597_reverse: g1p_c --> g6p_c	6.215454751463336
R1698_reverse	R1698_reverse: citr__L_m --> citr__L_c	0.08897509755844249	R1698_reverse: citr__L_m --> citr__L_c	0.08816674133989985
R1719_reverse_num1	R1719_reverse_num1: f6p_c --> man6p_c	0.012692412664068346	R1719_reverse_num1: f6p_c --> man6p_c	0.012577099604719692
R2146_reverse	R2146_reverse: ppcoa_m --> ppcoa_c	0.0001590906286477026	R2146_reverse: ppcoa_m --> ppcoa_c	0.00015764525907230255
R2182_reverse_num1	R2182_reverse_num1: dctp_m --> dctp_c	0.006512136017756021	R2182_reverse_num1: dctp_m --> dctp_c	0.006452971984330929
R2201_reverse	R2201_reverse: co2_c --> co2_e	23.899015712546028	R2201_reverse: co2_c --> co2_e	23.395721116885962
R2202_reverse	R2202_reverse: h2o_c --> h2o_e	2.16425726390094	R2202_reverse: h2o_c --> h2o_e	2.1152447357429303
R2204_reverse	R2204_reverse: etoh_c --> etoh_e	21.149630835481673	R2204_reverse: etoh_c --> etoh_e	20.873098267850715
R2310_reverse	R2310_reverse: cit_m + h_m --> cit_c + h_c	0.6657186446216532	R2310_reverse: cit_m + h_m --> cit_c + h_c	0.6596704601189475
R2311_reverse	R2311_reverse: akg_m --> akg_c	0.9703805506983167	R2311_reverse: akg_m --> akg_c	0.6092388904390896
R2317_reverse	R2317_reverse: icit_m --> icit_c	0.18164752441092444	R2317_reverse: icit_m --> icit_c	0.17999722101176946
R2318_reverse	R2318_reverse: cbp_m --> cbp_c	0.02198585174713122	R2318_reverse: cbp_m --> cbp_c	0.021786105970307564
R2323_reverse	R2323_reverse: lys__L_m --> lys__L_c	0.10635612658666112	R2323_reverse: lys__L_m --> lys__L_c	0.10538986030917868
R2328_reverse	R2328_reverse: h2o_m --> h2o_c	1.72810723191651	R2328_reverse: h2o_m --> h2o_c	1.7416386922022862
R2330_reverse	R2330_reverse: co2_m --> co2_c	1.8751974933775102	R2330_reverse: co2_m --> co2_c	1.6563776292478103
R2393_reverse	R2393_reverse:  --> nh4_e	2.4574849963867784	R2393_reverse:  --> nh4_e	2.4351582630275077
R2396_reverse	R2396_reverse:  --> o2_e	2.233810919107016	R2396_reverse:  --> o2_e	2.1126246451344026
R2397_reverse	R2397_reverse:  --> pi_e	0.05963574313432	R2397_reverse:  --> pi_e	0.05909394070720869
R2398_reverse	R2398_reverse:  --> so4_e	0.004764176198661091	R2398_reverse:  --> so4_e	0.0047208927231482635
R2400_reverse	R2400_reverse:  --> h_e	17.88744619596902	R2400_reverse:  --> h_e	17.321368583735204
R2561_reverse	R2561_reverse: co2_m + h2o_c --> h_m + hco3_m	0.1109609493055737	R2561_reverse: co2_m + h2o_c --> h_m + hco3_m	0.10995284731020741
R2601_reverse	R2601_reverse: icit_c --> icit_x	0.18164752441092444	R2601_reverse: icit_c --> icit_x	0.17999722101176946
R43_num2	R43_num2: dhap_c --> g3p_c	12.260893954260373	R43_num2: dhap_c --> g3p_c	12.208200979617173
R56_num3	R56_num3: 6pgc_c + nadp_c --> co2_c + nadph_c + ru5p__D_c	0.5247340212531966	R56_num3: 6pgc_c + nadp_c --> co2_c + nadph_c + ru5p__D_c	0.5199667097154679
R114_num2	R114_num2: accoa_m + h2o_m + oaa_m --> cit_m + coa_m + h_m	1.4096703860248914	R114_num2: accoa_m + h2o_m + oaa_m --> cit_m + coa_m + h_m	1.3968632539856076
R152_num7	R152_num7: uacgam_c --> chtn_c + udp_c	0.12367144283972584	R152_num7: uacgam_c --> chtn_c + udp_c	0.12254786351675892
R158_num2	R158_num2: uacgam_c --> udpacgal_c	0.0005930354534208077	R158_num2: uacgam_c --> udpacgal_c	0.0005876476099708572
R165_num2	R165_num2: TRNA_c + ala__L_c + atp_c --> TRNAALA_c + amp_c + ppi_c	0.13658400315747615	R165_num2: TRNA_c + ala__L_c + atp_c --> TRNAALA_c + amp_c + ppi_c	0.13534311069053312
R166_num2	R166_num2: TRNA_c + asp__L_c + atp_c --> TRNAASP_c + amp_c + ppi_c	0.0704440949650298	R166_num2: TRNA_c + asp__L_c + atp_c --> TRNAASP_c + amp_c + ppi_c	0.06980409654089562
R172_num2	R172_num2: TRNA_c + atp_c + pro__L_c --> TRNAPRO_c + amp_c + ppi_c	0.07632538834130795	R172_num2: TRNA_c + atp_c + pro__L_c --> TRNAPRO_c + amp_c + ppi_c	0.07563195721292001
R174_num2	R174_num2: TRNA_c + atp_c + gln__L_c --> TRNAGLN_c + amp_c + ppi_c	0.14532380225295097	R174_num2: TRNA_c + atp_c + gln__L_c --> TRNAGLN_c + amp_c + ppi_c	0.1440035069964465
R180_num2	R180_num2: TRNA_c + atp_c + thr__L_c --> TRNATHR_c + amp_c + ppi_c	0.08644515571501557	R180_num2: TRNA_c + atp_c + thr__L_c --> TRNATHR_c + amp_c + ppi_c	0.0856597845145039
R184_num2	R184_num2: TRNA_c + atp_c + val__L_c --> TRNAVAL_c + amp_c + ppi_c	0.0703455258022989	R184_num2: TRNA_c + atp_c + val__L_c --> TRNAVAL_c + amp_c + ppi_c	0.06970642289834772
R186_num2	R186_num2: TRNA_c + atp_c + lys__L_c --> TRNALYS_c + amp_c + ppi_c	0.10635612658666112	R186_num2: TRNA_c + atp_c + lys__L_c --> TRNALYS_c + amp_c + ppi_c	0.10538986030917867
R191_num2	R191_num2: TRNA_c + atp_c + trp__L_c --> TRNATRP_c + amp_c + ppi_c	0.02125808276230144	R191_num2: TRNA_c + atp_c + trp__L_c --> TRNATRP_c + amp_c + ppi_c	0.02106494890949602
R237_num2	R237_num2: acglu_m + atp_m --> acg5p_m + adp_m	0.16530048589975044	R237_num2: acglu_m + atp_m --> acg5p_m + adp_m	0.16379869855281987
R239_num2	R239_num2: acg5sa_m + glu__L_m --> acorn_m + akg_m	0.16530048589975038	R239_num2: acg5sa_m + glu__L_m --> acorn_m + akg_m	0.16379869855281987
R243_num2	R243_num2: asp__L_c + atp_c + citr__L_c --> amp_c + argsuc_c + h_c + ppi_c	0.08897509755844249	R243_num2: asp__L_c + atp_c + citr__L_c --> amp_c + argsuc_c + h_c + ppi_c	0.08816674133989985
R247_num5	R247_num5: glu__L_c + oaa_c --> akg_c + asp__L_c	0.3101627873327897	R247_num5: glu__L_c + oaa_c --> akg_c + asp__L_c	0.30734489755486105
R254_num2	R254_num2: atp_c + glu__L_c + nh4_c --> adp_c + gln__L_c + h_c + pi_c	0.0030987632143141984	R254_num2: atp_c + glu__L_c + nh4_c --> adp_c + gln__L_c + h_c + pi_c	0.003838879673856911
R400_num2	R400_num2: atp_c + h2o_c + met__L_c --> amet_c + pi_c + ppi_c	0.02063742560097242	R400_num2: atp_c + h2o_c + met__L_c --> amet_c + pi_c + ppi_c	0.020449930540252768
R465_num2	R465_num2: ACP_c + malcoa_c --> coa_c + malACP_c	0.2962297948072428	R465_num2: ACP_c + malcoa_c --> coa_c + malACP_c	0.29353848900010093
R466_num2	R466_num2: ACP_c + accoa_c --> acACP_c + coa_c	0.038347412781611745	R466_num2: ACP_c + accoa_c --> acACP_c + coa_c	0.037999019012594754
R467_num4	R467_num4: acACP_c + malACP_c --> ACP_c + actACP_c + co2_c	0.038347412781611745	R467_num4: acACP_c + malACP_c --> ACP_c + actACP_c + co2_c	0.03799901901259476
R468_num4	R468_num4: actACP_c + h_c + nadph_c --> C4HACP_c + nadp_c	0.03834741278161175	R468_num4: actACP_c + h_c + nadph_c --> C4HACP_c + nadp_c	0.03799901901259476
R469_num2	R469_num2: C4HACP_c --> C4DACP_c + h2o_c	0.03834741278161175	R469_num2: C4HACP_c --> C4DACP_c + h2o_c	0.03799901901259477
R470_num2	R470_num2: C4DACP_c + h_c + nadph_c --> C40ACP_c + nadp_c	0.03834741278161175	R470_num2: C4DACP_c + h_c + nadph_c --> C40ACP_c + nadp_c	0.03799901901259477
R472_num4	R472_num4: C40ACP_c + h_c + malACP_c --> ACP_c + C6OACP_c + co2_c	0.038347412781611745	R472_num4: C40ACP_c + h_c + malACP_c --> ACP_c + C6OACP_c + co2_c	0.03799901901259476
R473_num4	R473_num4: C6OACP_c + h_c + nadph_c --> C6HACP_c + nadp_c	0.038347412781611745	R473_num4: C6OACP_c + h_c + nadph_c --> C6HACP_c + nadp_c	0.03799901901259477
R474_num2	R474_num2: C6HACP_c --> C6DACP_c + h2o_c	0.038347412781611745	R474_num2: C6HACP_c --> C6DACP_c + h2o_c	0.03799901901259477
R475_num2	R475_num2: C6DACP_c + h_c + nadph_c --> C60ACP_c + nadp_c	0.038347412781611745	R475_num2: C6DACP_c + h_c + nadph_c --> C60ACP_c + nadp_c	0.03799901901259477
R477_num4	R477_num4: C60ACP_c + h_c + malACP_c --> ACP_c + C8OACP_c + co2_c	0.03834741278161174	R477_num4: C60ACP_c + h_c + malACP_c --> ACP_c + C8OACP_c + co2_c	0.03799901901259476
R478_num4	R478_num4: C8OACP_c + h_c + nadph_c --> C8HACP_c + nadp_c	0.03834741278161174	R478_num4: C8OACP_c + h_c + nadph_c --> C8HACP_c + nadp_c	0.03799901901259477
R479_num2	R479_num2: C8HACP_c --> C8DACP_c + h2o_c	0.038347412781611745	R479_num2: C8HACP_c --> C8DACP_c + h2o_c	0.03799901901259477
R480_num2	R480_num2: C8DACP_c + h_c + nadph_c --> C80ACP_c + nadp_c	0.03834741278161174	R480_num2: C8DACP_c + h_c + nadph_c --> C80ACP_c + nadp_c	0.03799901901259477
R482_num4	R482_num4: C80ACP_c + h_c + malACP_c --> ACP_c + C10OACP_c + co2_c	0.03834741278161174	R482_num4: C80ACP_c + h_c + malACP_c --> ACP_c + C10OACP_c + co2_c	0.03799901901259476
R483_num4	R483_num4: C10OACP_c + h_c + nadph_c --> C10HACP_c + nadp_c	0.03834741278161173	R483_num4: C10OACP_c + h_c + nadph_c --> C10HACP_c + nadp_c	0.03799901901259477
R484_num2	R484_num2: C10HACP_c --> C10DACP_c + h2o_c	0.03834741278161174	R484_num2: C10HACP_c --> C10DACP_c + h2o_c	0.03799901901259477
R485_num2	R485_num2: C10DACP_c + h_c + nadph_c --> C100ACP_c + nadp_c	0.03834741278161173	R485_num2: C10DACP_c + h_c + nadph_c --> C100ACP_c + nadp_c	0.03799901901259477
R487_num4	R487_num4: C100ACP_c + h_c + malACP_c --> ACP_c + C12OACP_c + co2_c	0.03834741278161173	R487_num4: C100ACP_c + h_c + malACP_c --> ACP_c + C12OACP_c + co2_c	0.03799901901259476
R488_num4	R488_num4: C12OACP_c + h_c + nadph_c --> C12HACP_c + nadp_c	0.03834741278161173	R488_num4: C12OACP_c + h_c + nadph_c --> C12HACP_c + nadp_c	0.03799901901259477
R489_num2	R489_num2: C12HACP_c --> C12DACP_c + h2o_c	0.03834741278161173	R489_num2: C12HACP_c --> C12DACP_c + h2o_c	0.03799901901259477
R490_num2	R490_num2: C12DACP_c + h_c + nadph_c --> dodecacp_c + nadp_c	0.03834741278161173	R490_num2: C12DACP_c + h_c + nadph_c --> dodecacp_c + nadp_c	0.03799901901259477
R492_num4	R492_num4: dodecacp_c + h_c + malACP_c --> ACP_c + C14OACP_c + co2_c	0.038347412781611724	R492_num4: dodecacp_c + h_c + malACP_c --> ACP_c + C14OACP_c + co2_c	0.03799901901259476
R493_num4	R493_num4: C14OACP_c + h_c + nadph_c --> C14HACP_c + nadp_c	0.038347412781611724	R493_num4: C14OACP_c + h_c + nadph_c --> C14HACP_c + nadp_c	0.03799901901259477
R494_num2	R494_num2: C14HACP_c --> C14DACP_c + h2o_c	0.038347412781611724	R494_num2: C14HACP_c --> C14DACP_c + h2o_c	0.03799901901259477
R495_num2	R495_num2: C14DACP_c + h_c + nadph_c --> C140ACP_c + nadp_c	0.038347412781611724	R495_num2: C14DACP_c + h_c + nadph_c --> C140ACP_c + nadp_c	0.03799901901259476
R497_num4	R497_num4: C140ACP_c + h_c + malACP_c --> 3opalmACP_c + ACP_c + co2_c	0.03834741278161172	R497_num4: C140ACP_c + h_c + malACP_c --> 3opalmACP_c + ACP_c + co2_c	0.03799901901259476
R498_num4	R498_num4: 3opalmACP_c + h_c + nadph_c --> C16HACP_c + nadp_c	0.03834741278161172	R498_num4: 3opalmACP_c + h_c + nadph_c --> C16HACP_c + nadp_c	0.03799901901259477
R499_num2	R499_num2: C16HACP_c --> C16DACP_c + h2o_c	0.03834741278161172	R499_num2: C16HACP_c --> C16DACP_c + h2o_c	0.03799901901259477
R500_num2	R500_num2: C16DACP_c + h_c + nadph_c --> C160ACP_c + nadp_c	0.03834741278161171	R500_num2: C16DACP_c + h_c + nadph_c --> C160ACP_c + nadp_c	0.037999019012594754
R503_num4	R503_num4: C18OACP_c + h_c + nadph_c --> C18HACP_c + nadp_c	0.02668427093542678	R503_num4: C18OACP_c + h_c + nadph_c --> C18HACP_c + nadp_c	0.026441839098431487
R505_num3	R505_num3: C18DACP_c + h_c + nadph_c --> C180ACP_c + nadp_c	0.02668427093542678	R505_num3: C18DACP_c + h_c + nadph_c --> C180ACP_c + nadp_c	0.026441839098431487
R579_num4	R579_num4: C160ACP_c + coa_c --> ACP_c + pmtcoa_c	2.214224815199779e-05	R579_num4: C160ACP_c + coa_c --> ACP_c + pmtcoa_c	2.194108148315064e-05
R604_num5	R604_num5: atp_c + coa_c + ocdca_c --> amp_c + ppi_c + stcoa_c	2.5080594893006455e-05	R604_num5: atp_c + coa_c + ocdca_c --> amp_c + ppi_c + stcoa_c	2.4852732767503385e-05
R605_num5	R605_num5: atp_c + coa_c + ocdcea_c --> amp_c + ocdce9coa_c + ppi_c	0.0001447616294615089	R605_num5: atp_c + coa_c + ocdcea_c --> amp_c + ocdce9coa_c + ppi_c	0.000143446441655115
R606_num5	R606_num5: atp_c + coa_c + lnlc_c --> amp_c + lnlccoa_c + ppi_c	0.00013200973687900998	R606_num5: atp_c + coa_c + lnlc_c --> amp_c + lnlccoa_c + ppi_c	0.00013081040251869378
R621_num5	R621_num5: atp_c + coa_c + hdca_c --> amp_c + pmtcoa_c + ppi_c	0.0001663647042933686	R621_num5: atp_c + coa_c + hdca_c --> amp_c + pmtcoa_c + ppi_c	0.00016485324831352864
R642_num3	R642_num3: 2.0 accoa_c --> aacoa_c + coa_c	0.06895898624655061	R642_num3: 2.0 accoa_c --> aacoa_c + coa_c	0.06833248032650732
R754_num2	R754_num2: gtp_c + h_c + man1p_c --> gdpmann_c + ppi_c	0.012692412664068342	R754_num2: gtp_c + h_c + man1p_c --> gdpmann_c + ppi_c	0.01257709960471969
R760_num2	R760_num2: arab__D_c + h_c + nadph_c --> abt__D_c + nadp_c	0.010109910457434547	R760_num2: arab__D_c + h_c + nadph_c --> abt__D_c + nadp_c	0.010018059937329096
R818_num2	R818_num2: 0.3211 C160ACP_c + 0.0606 C180ACP_c + 0.3061 C181ACP_c + 0.3122 C182ACP_c + glyc3p_c --> ACP_c + PSAGL3P_c	0.000424985873572492	R818_num2: 0.3211 C160ACP_c + 0.0606 C180ACP_c + 0.3061 C181ACP_c + 0.3122 C182ACP_c + glyc3p_c --> ACP_c + PSAGL3P_c	0.00042112479352737655
R819_num2	R819_num2: 0.3211 C160ACP_c + 0.0606 C180ACP_c + 0.3061 C181ACP_c + 0.3122 C182ACP_c + PSAGL3P_c --> ACP_c + PSPA_c	0.000424985873572492	R819_num2: 0.3211 C160ACP_c + 0.0606 C180ACP_c + 0.3061 C181ACP_c + 0.3122 C182ACP_c + PSAGL3P_c --> ACP_c + PSPA_c	0.00042112479352737655
R820_num2	R820_num2: 0.3211 C160ACP_c + 0.0606 C180ACP_c + 0.3061 C181ACP_c + 0.3122 C182ACP_c + glyc3p_c --> ACP_c + PEAGL3P_c	0.003824636296161874	R820_num2: 0.3211 C160ACP_c + 0.0606 C180ACP_c + 0.3061 C181ACP_c + 0.3122 C182ACP_c + glyc3p_c --> ACP_c + PEAGL3P_c	0.003789888725004273
R821_num2	R821_num2: 0.3211 C160ACP_c + 0.0606 C180ACP_c + 0.3061 C181ACP_c + 0.3122 C182ACP_c + PEAGL3P_c --> ACP_c + PEPA_c	0.003824636296161874	R821_num2: 0.3211 C160ACP_c + 0.0606 C180ACP_c + 0.3061 C181ACP_c + 0.3122 C182ACP_c + PEAGL3P_c --> ACP_c + PEPA_c	0.0037898887250042736
R822_num2	R822_num2: 0.3211 C160ACP_c + 0.0606 C180ACP_c + 0.3061 C181ACP_c + 0.3122 C182ACP_c + glyc3p_c --> ACP_c + PCAGL3P_c	0.0031625800864858705	R822_num2: 0.3211 C160ACP_c + 0.0606 C180ACP_c + 0.3061 C181ACP_c + 0.3122 C182ACP_c + glyc3p_c --> ACP_c + PCAGL3P_c	0.0031338474258909127
R823_num2	R823_num2: 0.3211 C160ACP_c + 0.0606 C180ACP_c + 0.3061 C181ACP_c + 0.3122 C182ACP_c + PCAGL3P_c --> ACP_c + PCPA_c	0.0031625800864858705	R823_num2: 0.3211 C160ACP_c + 0.0606 C180ACP_c + 0.3061 C181ACP_c + 0.3122 C182ACP_c + PCAGL3P_c --> ACP_c + PCPA_c	0.0031338474258909127
R824_num2	R824_num2: 0.3211 C160ACP_c + 0.0606 C180ACP_c + 0.3061 C181ACP_c + 0.3122 C182ACP_c + glyc3p_c --> ACP_c + CLAGL3P_c	0.008480123564718313	R824_num2: 0.3211 C160ACP_c + 0.0606 C180ACP_c + 0.3061 C181ACP_c + 0.3122 C182ACP_c + glyc3p_c --> ACP_c + CLAGL3P_c	0.008403079978303052
R825_num2	R825_num2: 0.3211 C160ACP_c + 0.0606 C180ACP_c + 0.3061 C181ACP_c + 0.3122 C182ACP_c + CLAGL3P_c --> ACP_c + CLPA_c	0.008480123564718313	R825_num2: 0.3211 C160ACP_c + 0.0606 C180ACP_c + 0.3061 C181ACP_c + 0.3122 C182ACP_c + CLAGL3P_c --> ACP_c + CLPA_c	0.008403079978303052
R830_num2	R830_num2: 0.2291 C160ACP_c + 0.0795 C180ACP_c + 0.2979 C181ACP_c + 0.3935 C182ACP_c + glyc3p_c --> ACP_c + MAGLYP_c	0.00237755391784491	R830_num2: 0.2291 C160ACP_c + 0.0795 C180ACP_c + 0.2979 C181ACP_c + 0.3935 C182ACP_c + glyc3p_c --> ACP_c + MAGLYP_c	0.002355953374016925
R831_num2	R831_num2: 0.2291 C160ACP_c + 0.0795 C180ACP_c + 0.2979 C181ACP_c + 0.3935 C182ACP_c + MAGLYP_c --> ACP_c + DAGLYP_c	0.0021017574005237996	R831_num2: 0.2291 C160ACP_c + 0.0795 C180ACP_c + 0.2979 C181ACP_c + 0.3935 C182ACP_c + MAGLYP_c --> ACP_c + DAGLYP_c	0.002082662522167915
R832_num2	R832_num2: DAGLYP_c + h2o_c --> DAGLY_c + pi_c	0.0021017574005237996	R832_num2: DAGLYP_c + h2o_c --> DAGLY_c + pi_c	0.002082662522167915
R837_num2	R837_num2: PSPA_c + ctp_c + h_c --> PSCDPDG_c + ppi_c	0.00042498587357249197	R837_num2: PSPA_c + ctp_c + h_c --> PSCDPDG_c + ppi_c	0.0004211247935273766
R839_num2	R839_num2: PEPA_c + ctp_c + h_c --> PECDPDG_c + ppi_c	0.003824636296161873	R839_num2: PEPA_c + ctp_c + h_c --> PECDPDG_c + ppi_c	0.0037898887250042736
R842_num2	R842_num2: PCPA_c + ctp_c + h_c --> PCCDPDG_c + ppi_c	0.00316258008648587	R842_num2: PCPA_c + ctp_c + h_c --> PCCDPDG_c + ppi_c	0.0031338474258909127
R845_num2	R845_num2: CLPA_c + ctp_c + h_c --> CLCDPDG_c + ppi_c	0.002769683403840429	R845_num2: CLPA_c + ctp_c + h_c --> CLCDPDG_c + ppi_c	0.002744520286695004
R901_num4	R901_num4: ser__L_c + thf_c --> gly_c + h2o_c + mlthf_c	0.09750179012408766	R901_num4: ser__L_c + thf_c --> gly_c + h2o_c + mlthf_c	0.09661596723062897
R918_num2	R918_num2: 3ig3p_c + ser__L_c --> g3p_c + h2o_c + trp__L_c	0.02125808276230144	R918_num2: 3ig3p_c + ser__L_c --> g3p_c + h2o_c + trp__L_c	0.02106494890949602
R921_num3	R921_num3: thr__L_m --> 2obut_m + nh4_m	0.06623328604594012	R921_num3: thr__L_m --> 2obut_m + nh4_m	0.06563154364701125
R926_num2	R926_num2: 2.0 h2o2_c --> 2.0 h2o_c + o2_c	0.005746582187212551	R926_num2: 2.0 h2o2_c --> 2.0 h2o_c + o2_c	0.0056943733605422766
R945_num5	R945_num5: glu__L_c + imacp_c --> akg_c + hisp_c	0.02418230125665203	R945_num5: glu__L_c + imacp_c --> akg_c + hisp_c	0.023962600305083574
R1012_num7	R1012_num7: 2oxoadp_m + glu__L_m --> L2aadp_m + akg_m	0.10635612658666113	R1012_num7: 2oxoadp_m + glu__L_m --> L2aadp_m + akg_m	0.1053898603091787
R1193_num3	R1193_num3: e4p_c + h2o_c + pep_c --> 2dda7p_c + pi_c	0.08588659712620705	R1193_num3: e4p_c + h2o_c + pep_c --> 2dda7p_c + pi_c	0.08510630054006582
R1194_num3	R1194_num3: 2dda7p_c --> 3dhq_c + pi_c	0.08588659712620705	R1194_num3: 2dda7p_c --> 3dhq_c + pi_c	0.08510630054006582
R1200_num3	R1200_num3: pep_c + skm5p_c --> 3psme_c + pi_c	0.08588659712620704	R1200_num3: pep_c + skm5p_c --> 3psme_c + pi_c	0.08510630054006582
R1204_num2	R1204_num2: chor_c + gln__L_c --> anth_c + glu__L_c + h_c + pyr_c	0.02125808276230143	R1204_num2: chor_c + gln__L_c --> anth_c + glu__L_c + h_c + pyr_c	0.02106494890949602
R1244_num2	R1244_num2: TRNA_c + atp_c + glu__L_c --> TRNAGLU_c + amp_c + ppi_c	0.14532380225295097	R1244_num2: TRNA_c + atp_c + glu__L_c --> TRNAGLU_c + amp_c + ppi_c	0.1440035069964465
R1366_num2	R1366_num2: gln__L_c + h2o_c + prpp_c --> glu__L_c + ppi_c + pram_c	0.021757565566243878	R1366_num2: gln__L_c + h2o_c + prpp_c --> glu__L_c + ppi_c + pram_c	0.021559893814169197
R1378_num2	R1378_num2: atp_c + udp_c --> adp_c + utp_c	2.3333201288038565	R1378_num2: atp_c + udp_c --> adp_c + utp_c	2.3121214576281424
R1410_num2	R1410_num2: atp_m + dcdp_m --> adp_m + dctp_m	0.006512136017756021	R1410_num2: atp_m + dcdp_m --> adp_m + dctp_m	0.006452971984330929
R1442_num3	R1442_num3: asp__L_c + cbp_c --> cbasp_c + h_c + pi_c	0.02198585174713122	R1442_num3: asp__L_c + cbp_c --> cbasp_c + h_c + pi_c	0.021786105970307564
R1519_num2	R1519_num2: 3dsphgn_c + h_c + nadph_c --> nadp_c + sphgn_c	0.00018850695244536638	R1519_num2: 3dsphgn_c + h_c + nadph_c --> nadp_c + sphgn_c	0.0001867943297966793
R1522_num2	R1522_num2: C20DHSPH_c + h_c + nadph_c --> C20SPH_c + nadp_c	0.0001157300539623715	R1522_num2: C20DHSPH_c + h_c + nadph_c --> C20SPH_c + nadp_c	0.00011467862371548348
R1525_num2	R1525_num2: C191DHSPH_c + nadph_c --> C191SPH_c + h_c + nadp_c	0.0001590906286477026	R1525_num2: C191DHSPH_c + nadph_c --> C191SPH_c + h_c + nadp_c	0.00015764525907230252
R1659_num2	R1659_num2: h2o_c + mi3p__D_c --> inost_c + pi_c	0.01796056970613383	R1659_num2: h2o_c + mi3p__D_c --> inost_c + pi_c	0.017797394406427247
R1695_num2	R1695_num2: dmpp_c + ipdp_c --> grdp_c + ppi_c	0.02298632874885021	R1695_num2: dmpp_c + ipdp_c --> grdp_c + ppi_c	0.02277749344216911
R1696_num2	R1696_num2: grdp_c + ipdp_c --> frdp_c + ppi_c	0.022986328748850208	R1696_num2: grdp_c + ipdp_c --> frdp_c + ppi_c	0.02277749344216911
R1720_num9	R1720_num9: MAGLYP_c + h2o_c --> MAGLY_c + pi_c	0.00027579651732111013	R1720_num9: MAGLYP_c + h2o_c --> MAGLY_c + pi_c	0.0002732908518490101
R1827_num3	R1827_num3: 23dhmp_m --> 3mop_m + h2o_m	0.06607419541729243	R1827_num3: 23dhmp_m --> 3mop_m + h2o_m	0.06547389838793893
R1835_num3	R1835_num3: 23dhmb_m --> 3mob_m + h2o_m	0.2013767994592666	R1835_num3: 23dhmb_m --> 3mob_m + h2o_m	0.1995472517253494
R2161_num5	R2161_num5: atp_m + h2o_m + 2.88 h_m --> adp_m + 3.88 h_c + pi_m	0.3475675530646293	R2161_num5: atp_m + h2o_m + 2.88 h_m --> adp_m + 3.88 h_c + pi_m	0.3964158457598533
R2604_num2	R2604_num2: cellb_e --> cellb_c	6.6192075840346325	R2604_num2: cellb_e --> cellb_c	6.588420610702771
R782_reverse_num2	R782_reverse_num2: udpg_c --> udpgal_c	0.016138964922796102	R782_reverse_num2: udpg_c --> udpgal_c	0.01599233925995134
R2306_reverse_num2	R2306_reverse_num2: h_c + pi_c --> h_m + pi_m	0.5246871010298484	R2306_reverse_num2: h_c + pi_c --> h_m + pi_m	0.3986096337379492
